User_ID,User_Location,Tweet_ID,Tweet_Time,Tweet_Text,HashTag,Retweet_Count,Like_Count,Source,User_Mentioned,Attachment_URL,Tweet_day,Tweet_month,Tweet_hour
O0081cb7d5a,"Victoria, Australia",1.3e+18,Wed Sep 09 06:43:33 +0000 2020,"@MayneReport @DanielAndrewsMP #IStandWithDanAndrews 
#IStandWithDan 
#fucktheheraldsun", #IStandWithDanAndrews #IStandWithDan #fucktheheraldsun,0,0.0,<a href= http://twitter.com/download/android  rel= nofollow >Twitter for Android</a>, @MayneReport @DanielAndrewsMP,,Wed,Sep,06
D47ef,Melbourne ,1.31e+18,Sat Sep 26 11:01:36 +0000 2020,"@Nathleigh @selga55 @rhysam @FatherBob @messiah_rage @AlphWilliams @Melbourne_says @BelindaJones68 @bogert_brenda Brilliant work, clever kind and fun  @CathLAndrews @DanielAndrewsMP  #IStandWithDanAndrews", #IStandWithDanAndrews,1,2.0,<a href= https://mobile.twitter.com  rel= nofollow >Twitter Web App</a>, @Nathleigh @selga55 @rhysam @FatherBob @messiah_rage @AlphWilliams @Melbourne_says @BelindaJones68 @bogert_brenda @CathLAndrews @DanielAndrewsMP,,Sat,Sep,11
H56Jagman,"Oak Park, Victoria, Australia",1.31e+18,Sun Sep 27 05:17:30 +0000 2020,"@DanielAndrewsMP Thank you Mr Andrews. You and your team are doing a great job in standing strong and following the science to overcome the awful situation that arose at the end of June.

I prefer another 3 weeks at home to being faced with what is happen", #IStandWithDanAndrews,0,5.0,<a href= https://mobile.twitter.com  rel= nofollow >Twitter Web App</a>, @DanielAndrewsMP,,Sun,Sep,05
IAJKEATS72,"Victoria, Australia",1.31e+18,Sun Sep 13 04:27:53 +0000 2020,This made me laugh #IStandWithDanAndrews @DanielAndrewsMP https://t.co/Do4XRQknP4, #IStandWithDanAndrews,13,34.0,<a href= http://twitter.com/download/iphone  rel= nofollow >Twitter for iPhone</a>, @DanielAndrewsMP,http://pbs.twimg.com/media/EhxKyDgU8AEbVQM.jpg,Sun,Sep,04
HAcuSense,Melbourne,1.31e+18,Fri Sep 18 10:27:15 +0000 2020,@SkyNewsAust @DanielAndrewsMP I think Andrew Bolt is fully of envy.  I don t think many people watch him. 500k watch #IStandWithDanAndrews, #IStandWithDanAndrews,0,2.0,<a href= http://twitter.com/download/android  rel= nofollow >Twitter for Android</a>, @SkyNewsAust @DanielAndrewsMP,,Fri,Sep,10
IAlexWodak,"Sydney, Australia",1.3e+18,Tue Sep 08 11:21:57 +0000 2020,"RT @talkingwalk: #IStandWithDanAndrews
The Prime Minister #Morrison  will never say it, so I will .....Good work Victoria you ve done a great job and so has @DanielAndrewsMP you ll be   be out as soon as its safe. 
Your fellow Australians ", #IStandWithDanAndrews #Morrison,144,0.0,<a href= http://twitter.com/#!/download/ipad  rel= nofollow >Twitter for iPad</a>, @talkingwalk,,Tue,Sep,11
IAltoCarol,Adelaide,1.3e+18,Thu Sep 10 12:12:54 +0000 2020,"@wolftickler2000 @AngryGranny1 @DanielAndrewsMP I think Morrison has actually made it worse for himself. The #IStandWithDanAndrews movement has stirred up people all over Australia, not just Victoria. We now see the huge difference between a good leader &", #IStandWithDanAndrews,5,13.0,<a href= http://twitter.com/download/android  rel= nofollow >Twitter for Android</a>, @wolftickler2000 @AngryGranny1 @DanielAndrewsMP,,Thu,Sep,12
HAnimaeOK,"Adelaide, South Australia",1.31e+18,Tue Sep 29 01:45:56 +0000 2020,"@Realnotdreamer @billshortenmp @DanielAndrewsMP Hmmm... bye bye troll!

#IStandWithDanAndrews #IStandWithDan", #IStandWithDanAndrews #IStandWithDan,1,0.0,<a href= https://mobile.twitter.com  rel= nofollow >Twitter Web App</a>, @Realnotdreamer @billshortenmp @DanielAndrewsMP,,Tue,Sep,01
MAnnYogaTai,"Epping, Melbourne",1.31e+18,Sun Sep 20 02:37:23 +0000 2020,"@DanielAndrewsMP @PRGuy17 Thank you for being a leader, we are with you. We can do this.
#IStandWithDanAndrews ", #IStandWithDanAndrews,0,1.0,<a href= https://mobile.twitter.com  rel= nofollow >Twitter Web App</a>, @DanielAndrewsMP @PRGuy17,,Sun,Sep,02
MAnnYogaTai,"Epping, Melbourne",1.3e+18,Thu Sep 10 02:40:07 +0000 2020,"@David_Speers @DanielAndrewsMP It doesn t matter whose decision it was. The curfew is doing what it is ment to do. Stop Movement. Helping to bring numbers down.
#IStandWithDanAndrews", #IStandWithDanAndrews,0,0.0,<a href= https://mobile.twitter.com  rel= nofollow >Twitter Web App</a>, @David_Speers @DanielAndrewsMP,,Thu,Sep,02
MBeckRSaund,"Melbourne, Victoria",1.3e+18,Tue Sep 08 04:28:20 +0000 2020,Just listened to Ms14 chat with a friend about @DanielAndrewsMP as she attends private school you can imagine the thoughts of the other student... super proud that Ms14 backed Dan #IStandWithDanAndrews, #IStandWithDanAndrews,0,1.0,<a href= http://twitter.com/download/iphone  rel= nofollow >Twitter for iPhone</a>, @DanielAndrewsMP,,Tue,Sep,04
IBerrydown,"Bendigo, Victoria",1.3e+18,Wed Sep 09 04:00:46 +0000 2020,"Anyone else notice how different the tone was of @DanielAndrewsMP’s presser today, without @rachelbaxendale’s continual interjections of banal questions?  There was levity and humour. A refreshing change. #danspresser #IStandWithDanAndrews", #danspresser #IStandWithDanAndrews,0,5.0,<a href= http://twitter.com/#!/download/ipad  rel= nofollow >Twitter for iPad</a>, @DanielAndrewsMP @rachelbaxendale,,Wed,Sep,04
MBingeDrink,Canberra,1.3e+18,Tue Sep 08 05:25:56 +0000 2020,"RT @PeterWMurphy1: Labor Premiers &amp; NT Chief are doing great work during this #COVID19 crisis.
#IStandWithDanAndrews
#IStandWithMarkMcGowan 
#IStandWithAnnastacia
#IStandWithMichaelGunner
Thx @DanielAndrewsMP @MarkMcGowanMP @AnnastaciaMP &amp; @fanniebay for your principled leadership. 
#COVID19Aus https://t.co/Av8DLiku0w", #COVID19 #IStandWithDanAndrews #IStandWithMarkMcGowan,76,0.0,<a href= http://twitter.com/download/android  rel= nofollow >Twitter for Android</a>, @PeterWMurphy1,,Tue,Sep,05
OBosley1007,"Melbourne, Victoria",1.3e+18,Sat Sep 12 02:06:47 +0000 2020,"@lynlinking @alyxei1 @WgarNews @Michaelobrienmp, you are not and have not ever helped Victoria . It should be people before politics!  @DanielAndrewsMP #IStandWithDanAndrews", #IStandWithDanAndrews,2,9.0,<a href= http://twitter.com/download/android  rel= nofollow >Twitter for Android</a>, @lynlinking @alyxei1 @WgarNews @michaelobrienmp @DanielAndrewsMP,,Sat,Sep,02
IBouchCrist,"Melbourne, Australia",1.3e+18,Thu Sep 10 11:52:40 +0000 2020,@jboyded @DanielAndrewsMP I so loved his response!      #IStandWithDanAndrews #IStandWithCatherineAndrews, #IStandWithDanAndrews #IStandWithCatherineAndrews,0,1.0,<a href= http://twitter.com/download/iphone  rel= nofollow >Twitter for iPhone</a>, @jboyded @DanielAndrewsMP,,Thu,Sep,11
GBuzza52,Melbourne ,1.31e+18,Fri Sep 25 06:00:58 +0000 2020,"@Raf_Epstein @leighsales @DanielAndrewsMP I’m elated and excited to learn that the 
Prime Minister will be appearing at the national Inquiry he established for a review of the his govt s response to #COVID19Aus including Aged Care and COVID app debacle. #", #COVID19Aus #IStandWithDanAndrews #springst,0,6.0,<a href= https://mobile.twitter.com  rel= nofollow >Twitter Web App</a>, @Raf_Epstein @leighsales @DanielAndrewsMP,,Fri,Sep,06
GCJN5253,Melbourne,1.3e+18,Thu Sep 10 23:23:36 +0000 2020,RT @J8Aleks: #IStandWithDanAndrews #melbournelockdown @DanielAndrewsMP https://t.co/6pBkKsRvV4, #IStandWithDanAndrews #melbournelockdown,27,0.0,<a href= http://twitter.com/#!/download/ipad  rel= nofollow >Twitter for iPad</a>, @J8Aleks @DanielAndrewsMP,http://pbs.twimg.com/media/EhdVySFUYAAHORz.jpg,Thu,Sep,23
KCharmsYaho,"Melbourne, Victoria",1.3e+18,Thu Sep 10 05:24:36 +0000 2020,@David_Speers @DanielAndrewsMP Idiot. Why do we elect governments - yeh to make decisions #IStandWithDanAndrews, #IStandWithDanAndrews,0,0.0,<a href= http://twitter.com/download/iphone  rel= nofollow >Twitter for iPhone</a>, @David_Speers @DanielAndrewsMP,,Thu,Sep,05
KCharmsYaho,"Melbourne, Victoria",1.3e+18,Thu Sep 10 01:46:07 +0000 2020,"@DanielAndrewsMP  Rachel displaying usual stupidity #IStandWithDanAndrews  

Boring @rachelbaxendale 
Take a sickie and get paid by Murdoch", #IStandWithDanAndrews,0,1.0,<a href= http://twitter.com/download/iphone  rel= nofollow >Twitter for iPhone</a>, @DanielAndrewsMP @rachelbaxendale,,Thu,Sep,01
KCopythatja,"Melbourne, Victoria",1.31e+18,Fri Sep 25 11:42:25 +0000 2020,@GideonCRozner Shame @ScottMorrisonMP doesn’t follow his example and show up. They have ALL made mistakes as there was no rule book for this but @DanielAndrewsMP is the one showing up and taking the heat. #IStandWithDanAndrews, #IStandWithDanAndrews,0,1.0,<a href= http://twitter.com/download/iphone  rel= nofollow >Twitter for iPhone</a>, @GideonCRozner @ScottMorrisonMP @DanielAndrewsMP,,Fri,Sep,11
MCrisfieldJ,"Rowville, Melbourne",1.31e+18,Fri Sep 25 07:00:12 +0000 2020,Well done Premier! Now see how the MSM turn it round against you! #DanielAndrews @DanielAndrewsMP @Melbourne_says #IStandWithDanAndrews @VictorianLabor, #DanielAndrews #IStandWithDanAndrews,0,0.0,<a href= http://twitter.com/download/iphone  rel= nofollow >Twitter for iPhone</a>, @DanielAndrewsMP @Melbourne_says @VictorianLabor,,Fri,Sep,07
MCrisfieldJ,"Rowville, Melbourne",1.31e+18,Fri Sep 25 01:53:01 +0000 2020,#BackDanAndrews Please take a break Dan so we don’t have to listen to the daily dribble from the peanut gallery!! Just a few days! Do we have to put up with them until this pandemic is over?@DanielAndrewsMP #IStandWithDanAndrews #IStandWithDan, #BackDanAndrews #IStandWithDanAndrews #IStandWithDan,2,0.0,<a href= http://twitter.com/download/iphone  rel= nofollow >Twitter for iPhone</a>, @DanielAndrewsMP,,Fri,Sep,01
LCulldogfar,"Melbourne, Australia",1.3e+18,Sat Sep 12 07:44:48 +0000 2020,"@macsween_prue @DanielAndrewsMP It’s ok Prue, your PM is Scotty the simp. Our Premier is PM material. Soz Prue. #IStandWithDanAndrews #ScottyTheSimp", #IStandWithDanAndrews #ScottyTheSimp,0,0.0,<a href= http://twitter.com/download/iphone  rel= nofollow >Twitter for iPhone</a>, @macsween_prue @DanielAndrewsMP,,Sat,Sep,07
LCulldogfar,"Melbourne, Australia",1.3e+18,Fri Sep 11 12:01:42 +0000 2020,"@rachelbaxendale @VanSenate @DanielAndrewsMP How’s #ScottyTheSimp going? He’s blocked half of Australia, quickly - go &amp; tell everyone what a meanie he is! #IStandWithCatherineAndrews #IStandWithDanAndrews #ScottyTheSimp #MaliceWorkman #COVID19Victoria", #ScottyTheSimp #IStandWithCatherineAndrews #IStandWithDanAndrews #ScottyTheSimp #MaliceWorkman #COVID19Victoria,0,1.0,<a href= http://twitter.com/download/iphone  rel= nofollow >Twitter for iPhone</a>, @rachelbaxendale @VanSenate @DanielAndrewsMP,,Fri,Sep,12
LCulldogfar,"Melbourne, Australia",1.3e+18,Fri Sep 11 23:20:18 +0000 2020,"@VanSenate @Aaannne @DanielAndrewsMP Thankfully you don’t get to make the decisions. You should be supporting our Premier, not making spiteful comments. #IStandWithDanAndrews #ScottyTheSimp", #IStandWithDanAndrews #ScottyTheSimp,2,8.0,<a href= http://twitter.com/download/iphone  rel= nofollow >Twitter for iPhone</a>, @VanSenate @Aaannne @DanielAndrewsMP,,Fri,Sep,23
IDashGamer,"Melbourne, Victoria",1.31e+18,Mon Sep 28 04:29:36 +0000 2020,"@DanielAndrewsMP Thanks Dan. Ignore the haters and Ruperts puppets. Credit where credit is due, you ve been an incredible leader to out state. If the rest of the country had adopted this strategy earlier we probably would have been out the the woods compl", #IStandWithDanAndrews,1,8.0,<a href= http://twitter.com/download/iphone  rel= nofollow >Twitter for iPhone</a>, @DanielAndrewsMP,,Mon,Sep,04
ODavidBe531,"Melbourne, Victoria",1.31e+18,Tue Sep 22 00:42:42 +0000 2020,"RT @AnimaeOK: @dooglelover @JohnMil37229625 @DanielAndrewsMP #IStandWithDanAndrews 
#IStandWithDan
#ThanksDan", #IStandWithDanAndrews #IStandWithDan #ThanksDan,6,0.0,<a href= https://mobile.twitter.com  rel= nofollow >Twitter Web App</a>, @AnimaeOK @dooglelover @JohnMil37229625 @DanielAndrewsMP,,Tue,Sep,00
NDeadSexyWa,"Geelong, Victoria, Australia",1.31e+18,Wed Sep 16 22:27:05 +0000 2020,"@andrew_lund @michaelobrienmp @DanielAndrewsMP @9NewsMelb When the public has given Andrews an overwhelming (70%) approval rating in how he s handled the pandemic overall in Victoria?

Asinine move from the state opposition. No wonder O Brien has no credi", #IStandWithDanAndrews,8,80.0,<a href= http://twitter.com/download/android  rel= nofollow >Twitter for Android</a>, @andrew_lund @michaelobrienmp @DanielAndrewsMP @9NewsMelb,,Wed,Sep,22
LDeniseGopi,"Melbourne, Victoria",1.3e+18,Sun Sep 13 01:48:24 +0000 2020,@DanielAndrewsMP “I’ll just make the point again...” FOR THE FUCKING STUPID PEOPLE WHO KEEP ASKING THE SAME QUESTIONS AGAIN AND AGAIN. And you all know who you are #IStandWithDanAndrews, #IStandWithDanAndrews,1,2.0,<a href= http://twitter.com/download/iphone  rel= nofollow >Twitter for iPhone</a>, @DanielAndrewsMP,,Sun,Sep,01
NDevilliers,"Melbourne, Victoria",1.31e+18,Sun Sep 27 03:31:36 +0000 2020,"Gosh you and your team are good @DanielAndrewsMP. You go from strength to strength. Clear, precise , empathetic and so well researched in everything you delivered today. Thank you , thank you , thank you  #IStandWithDanAndrews #COVID19Vic", #IStandWithDanAndrews #COVID19Vic,230,976.0,<a href= http://twitter.com/download/iphone  rel= nofollow >Twitter for iPhone</a>, @DanielAndrewsMP,,Sun,Sep,03
NDevilliers,"Melbourne, Victoria",1.3e+18,Fri Sep 11 20:41:35 +0000 2020,"Dan @DanielAndrewsMP and his team @NotBrettSutton @JennyMikakos  going from strength to strength. We hear you , WE ARE PROUD and we believe in you. #IStandWithDanAndrews #auspol https://t.co/gVcgfbrRoU", #IStandWithDanAndrews #auspol,0,1.0,<a href= http://twitter.com/download/iphone  rel= nofollow >Twitter for iPhone</a>, @DanielAndrewsMP @NotBrettSutton @JennyMikakos,,Fri,Sep,20
NDevilliers,"Melbourne, Victoria",1.3e+18,Thu Sep 10 02:57:29 +0000 2020,R U Ok ? @DanielAndrewsMP #IStandWithDanAndrews #RUOK, #IStandWithDanAndrews #RUOK,0,0.0,<a href= http://twitter.com/download/iphone  rel= nofollow >Twitter for iPhone</a>, @DanielAndrewsMP,,Thu,Sep,02
NDevilliers,"Melbourne, Victoria",1.31e+18,Thu Oct 01 07:11:13 +0000 2020,"Thank you, fellow Victorians. Take a bow. We deserve a MASSIVE pat on the back ! And thank you @DanielAndrewsMP  #COVID19Vic #IStandWithDanAndrews  https://t.co/svWiQyq3WN", #COVID19Vic #IStandWithDanAndrews,0,1.0,<a href= http://twitter.com/download/iphone  rel= nofollow >Twitter for iPhone</a>, @DanielAndrewsMP,,Thu,Oct,07
NDiegoLives,"Prahran, Melbourne",1.31e+18,Mon Sep 21 22:07:13 +0000 2020,Of those polled 62% think #IStandWithDanAndrews handling of the second wave of #COVID19Vic #stage4lockdown was done well. Thanks @DanielAndrewsMP #newspol #auspol, #IStandWithDanAndrews #COVID19Vic #stage4lockdown #newspol #auspol,1,2.0,<a href= http://twitter.com/download/iphone  rel= nofollow >Twitter for iPhone</a>, @DanielAndrewsMP,,Mon,Sep,22
ODr_Scolyer,"Melbourne, Victoria, Australia",1.3e+18,Tue Sep 08 09:32:40 +0000 2020,"Enough with the #IStandWithDanAndrews nonsense. The #RoadMapForReopening is flawed, unrealistic, and clearly not based on sound reasoning. The management of #COVID19Victoria and the #coronavirus in #Melbourne needs revision. @DanielAndrewsMP needs guidance, not followers.", #IStandWithDanAndrews #RoadMapForReopening #COVID19Victoria #coronavirus #Melbourne,0,2.0,<a href= https://mobile.twitter.com  rel= nofollow >Twitter Web App</a>, @DanielAndrewsMP,,Tue,Sep,09
ODr_Scolyer,"Melbourne, Victoria, Australia",1.3e+18,Tue Sep 08 09:25:23 +0000 2020,@Progressive_Con @DanielAndrewsMP I assume the half you think is not right is the suggestion to stop focusing on #IStandWithDanAndrews rhetoric and @DanielAndrewsMP himself? Your list of decision-making failures shows we have too many problems to deal wit, #IStandWithDanAndrews,0,0.0,<a href= https://mobile.twitter.com  rel= nofollow >Twitter Web App</a>, @Progressive_Con @DanielAndrewsMP @DanielAndrewsMP,,Tue,Sep,09
NEunice2422,"Melbourne, Victoria",1.3e+18,Tue Sep 08 12:13:23 +0000 2020,"RT @Jembystarlight: @DanielAndrewsMP Your doing a good job keep it up, next time they throw a tantrum Remember this! #IStandWithDanAndrews https://t.co/k8rnZFldDU", #IStandWithDanAndrews,6,0.0,<a href= http://twitter.com/download/iphone  rel= nofollow >Twitter for iPhone</a>, @Jembystarlight @DanielAndrewsMP,,Tue,Sep,12
NEunice2422,"Melbourne, Victoria",1.3e+18,Tue Sep 08 11:43:40 +0000 2020,"RT @talkingwalk: #IStandWithDanAndrews
The Prime Minister #Morrison  will never say it, so I will .....Good work Victoria you ve done a great job and so has @DanielAndrewsMP you ll be   be out as soon as its safe. 
Your fellow Australians ", #IStandWithDanAndrews #Morrison,143,0.0,<a href= http://twitter.com/download/iphone  rel= nofollow >Twitter for iPhone</a>, @talkingwalk,,Tue,Sep,11
GFibee20,"Melbourne, Victoria",1.31e+18,Thu Sep 17 11:41:57 +0000 2020,"RT @AnimaeOK: @userunknowwn @DanielAndrewsMP #DanForPM
#IStandWithDan 
#IStandWithDanAndrews https://t.co/nKRkPa3PcZ", #DanForPM #IStandWithDan #IStandWithDanAndrews,2,0.0,<a href= http://twitter.com/download/iphone  rel= nofollow >Twitter for iPhone</a>, @AnimaeOK @userunknowwn @DanielAndrewsMP,http://pbs.twimg.com/media/EiF9TwqU8AAM00c.png,Thu,Sep,11
NFierceDino,"Sydney, Australia",1.3e+18,Tue Sep 08 15:01:13 +0000 2020,"RT @talkingwalk: #IStandWithDanAndrews
The Prime Minister #Morrison  will never say it, so I will .....Good work Victoria you ve done a great job and so has @DanielAndrewsMP you ll be   be out as soon as its safe. 
Your fellow Australians ", #IStandWithDanAndrews #Morrison,143,0.0,<a href= https://mobile.twitter.com  rel= nofollow >Twitter Web App</a>, @talkingwalk,,Tue,Sep,15
KFreddieJax,"Melbourne, Victoria",1.3e+18,Tue Sep 08 13:20:27 +0000 2020,"#IStandWithDanAndrews supporters, if @DanielAndrewsMP is doing such a terrific job, why is there an inquiry into #DictatorDan  s botched hotel quarantine? Does a great leader lie? Does a great leader blame his own people for his own incompetence? Its best for Victoria Dan resigns", #IStandWithDanAndrews #DictatorDan,0,2.0,<a href= http://twitter.com/download/android  rel= nofollow >Twitter for Android</a>, @DanielAndrewsMP,,Tue,Sep,13
JGRedpiller,"Adelaide, South Australia",1.3e+18,Wed Sep 09 09:58:12 +0000 2020,RT @J8Aleks: #IStandWithDanAndrews #melbournelockdown @DanielAndrewsMP https://t.co/6pBkKsRvV4, #IStandWithDanAndrews #melbournelockdown,28,0.0,<a href= https://mobile.twitter.com  rel= nofollow >Twitter Web App</a>, @J8Aleks @DanielAndrewsMP,http://pbs.twimg.com/media/EhdVySFUYAAHORz.jpg,Wed,Sep,09
LGiordanaHr,"Melbourne, Victoria",1.31e+18,Sat Sep 26 07:38:34 +0000 2020,@vanbadham @PRGuy17 The Australians who are mindful of the frequency of bias are also in total awe of @DanielAndrewsMP s admirable restraint in the face of extreme provocation. #IStandWithDan #IStandWithDanAndrews, #IStandWithDan #IStandWithDanAndrews,30,161.0,<a href= https://mobile.twitter.com  rel= nofollow >Twitter Web App</a>, @vanbadham @PRGuy17 @DanielAndrewsMP,,Sat,Sep,07
LGiordanaHr,"Melbourne, Victoria",1.3e+18,Tue Sep 08 21:05:06 +0000 2020,"@EddyJokovich @friendlyjordies @abc730 From my qualified behavioural science perspective, I will be forever grateful to @DanielAndrewsMP and @VictorianCHO for their exemplary actions in protecting the health of the Victorian public based on science, not p", #IStandWithDanAndrews,0,2.0,<a href= https://mobile.twitter.com  rel= nofollow >Twitter Web App</a>, @EddyJokovich @friendlyjordies @abc730 @DanielAndrewsMP @VictorianCHO,,Tue,Sep,21
HHValario,"Melbourne, Victoria",1.31e+18,Wed Sep 30 06:36:17 +0000 2020,"#IStandWithDanAndrews #istandwithdan Cult
What more EVIDENCE will the Stockholm Syndromed Victorians need to remove #DictatorDan
#melbournelockdown #melbournelockdown2020 #wakeupaustralia @DanielAndrewsMP @SkyNewsAust
Lies after lies
This MURDERER is holding us AGAINST OUR WILL https://t.co/Xje1fb4tak", #IStandWithDanAndrews #istandwithdan #DictatorDan #melbournelockdown #melbournelockdown2020 #wakeupaustralia,3,5.0,<a href= http://twitter.com/download/android  rel= nofollow >Twitter for Android</a>, @DanielAndrewsMP @SkyNewsAust,http://pbs.twimg.com/ext_tw_video_thumb/1311193002749042690/pu/img/EOP6Y86rBRZn2Ww5.jpg,Wed,Sep,06
HIainMac9,"Melbourne, Victoria",1.31e+18,Mon Sep 28 00:48:37 +0000 2020,5 today! Dear @DanielAndrewsMP - your approach is totally vindicated - thank you! #IStandWithDanAndrews #IStandWithDan, #IStandWithDanAndrews #IStandWithDan,0,0.0,<a href= http://twitter.com/download/iphone  rel= nofollow >Twitter for iPhone</a>, @DanielAndrewsMP,,Mon,Sep,00
IInJewells,"Victoria, Australia",1.31e+18,Mon Sep 28 02:07:14 +0000 2020,"We are proud and lucky and grateful to have you as our leader. It isn t about doing what we want its about doing what s right.
@DanielAndrewsMP
#IStandWithDanAndrews
#DanForPM
#ThanksDan https://t.co/TDILNCwsvJ", #IStandWithDanAndrews #DanForPM #ThanksDan,1,1.0,<a href= http://twitter.com/download/android  rel= nofollow >Twitter for Android</a>, @DanielAndrewsMP,,Mon,Sep,02
IInJewells,"Victoria, Australia",1.31e+18,Sat Sep 26 01:51:28 +0000 2020,"Ban the Herald Sun! Its nothing more then a biased rightwing rag. It undermines everything good that the current @DanielAndrewsMP lead Vic government achieves. Dont let the Murdoch #NewsCorpse media poison your mind.

#MurdochMustGo
#IStandWithDan
#IStandWithDanAndrews https://t.co/UGo36LQmMJ", #NewsCorpse #MurdochMustGo #IStandWithDan #IStandWithDanAndrews,1,1.0,<a href= http://twitter.com/download/android  rel= nofollow >Twitter for Android</a>, @DanielAndrewsMP,,Sat,Sep,01
NIntestinal,Large Intestine is my home and the Appendix is my  worm-cave .,1.3e+18,Tue Sep 08 07:17:28 +0000 2020,RT @TerrySerio: @abc730 @DanielAndrewsMP @mjrowland68 Jesus. I wish he was our Prime Minister. #IStandWithDanAndrews, #IStandWithDanAndrews,55,0.0,<a href= https://mobile.twitter.com  rel= nofollow >Twitter Web App</a>, @TerrySerio @abc730 @DanielAndrewsMP @mjrowland68,,Tue,Sep,07
HJCA_Cage,Melbourne,1.3e+18,Wed Sep 09 01:44:21 +0000 2020,"Victorians under curfew to make police work easier, nothing to do with health. A complete disgrace @DanielAndrewsMP. Lift the curfew immediately. We’re not prisoners. #COVID19Vic #DanAndrews #DictatorDan #melbournelockdown2020 #IStandWithDanAndrews #LiftTheCurfewNow", #COVID19Vic #DanAndrews #DictatorDan #melbournelockdown2020 #IStandWithDanAndrews #LiftTheCurfewNow,3,14.0,<a href= http://twitter.com/download/iphone  rel= nofollow >Twitter for iPhone</a>, @DanielAndrewsMP,,Wed,Sep,01
HJCA_Cage,Melbourne,1.3e+18,Wed Sep 09 01:30:55 +0000 2020,Chief Health Officer never recommend the curfew. Police did. @DanielAndrewsMP repeatedly telling us he is listening to health advice. He’s lying through his teeth and HAS TO GO NOW. #springst #COVID19Victoria #DictatorDan #IStandWithDanAndrews #melbournelockdown2020, #springst #COVID19Victoria #DictatorDan #IStandWithDanAndrews #melbournelockdown2020,0,1.0,<a href= http://twitter.com/download/iphone  rel= nofollow >Twitter for iPhone</a>, @DanielAndrewsMP,,Wed,Sep,01
HJCA_Cage,Melbourne,1.3e+18,Tue Sep 08 22:21:21 +0000 2020,Vic health officials off to Sydney to study contact tracing. This never occurred to @DanielAndrewsMP when cases were over 700. This incompetent premier has to go. #COVID19Vic #DictatorDan #melbournelockdown2020 #IStandWithDanAndrews #Andrews, #COVID19Vic #DictatorDan #melbournelockdown2020 #IStandWithDanAndrews #Andrews,0,0.0,<a href= http://twitter.com/download/iphone  rel= nofollow >Twitter for iPhone</a>, @DanielAndrewsMP,,Tue,Sep,22
HJCA_Cage,Melbourne,1.3e+18,Tue Sep 08 21:48:26 +0000 2020,First hotel quarantine and now we learn contact tracing has been passing notes by hand and receiving faxes. Salesforce approached Vic Gov in March but rejected. @DanielAndrewsMP is dangerously incompetent. #COVID19Vic #melbournelockdown2020 #DictatorDan #IStandWithDanAndrews, #COVID19Vic #melbournelockdown2020 #DictatorDan #IStandWithDanAndrews,0,2.0,<a href= http://twitter.com/download/iphone  rel= nofollow >Twitter for iPhone</a>, @DanielAndrewsMP,,Tue,Sep,21
HJackR176,"Launceston, Tasmania",1.31e+18,Tue Oct 06 05:03:11 +0000 2020,"@worldoracle @DanielAndrewsMP Here’s one they probably have called you yet, you’re a bloody cockwomble! #IStandWithDanAndrews", #IStandWithDanAndrews,0,0.0,<a href= http://twitter.com/#!/download/ipad  rel= nofollow >Twitter for iPad</a>, @worldoracle @DanielAndrewsMP,,Tue,Oct,05
HJackR176,"Launceston, Tasmania",1.31e+18,Mon Sep 28 04:44:34 +0000 2020,@DanielAndrewsMP @PRGuy17 #ThanksDan - This Tasmanian is behind you and your fellow Victorians as you crush this 2nd wave! You have all displayed extraordinary courage under trying circumstances exacerbated by your critics in the News Corp media! Well don, #ThanksDan #IStandWithDanAndrews,6,55.0,<a href= http://twitter.com/#!/download/ipad  rel= nofollow >Twitter for iPad</a>, @DanielAndrewsMP @PRGuy17,,Mon,Sep,04
NJasmineQui," Victoria, Australia",1.31e+18,Sat Sep 26 07:41:00 +0000 2020,#IStandWithDanAndrews - thank you for your leadership @DanielAndrewsMP  https://t.co/nFi21Fysxj, #IStandWithDanAndrews,1,3.0,<a href= http://twitter.com/download/iphone  rel= nofollow >Twitter for iPhone</a>, @DanielAndrewsMP,,Sat,Sep,07
IJenPryor1,"Richmond, Vic, Australia",1.3e+18,Fri Sep 11 08:38:37 +0000 2020,"@DanielAndrewsMP Thank you , Dan for sticking to your guns and looking at the bigger picture. You’ve kept us safe, when the Victorian Liberal Party and Rupert Murdoch wanted to leave us to die in the gutter
#IStandWithDan #IStandWithCatherineAndrews #ISta", #IStandWithDan #IStandWithCatherineAndrews #IStandWithDanAndrews #auspol,5,53.0,<a href= http://twitter.com/download/iphone  rel= nofollow >Twitter for iPhone</a>, @DanielAndrewsMP,,Fri,Sep,08
OJohnMil372,"Tasmania, Australia",1.31e+18,Mon Sep 21 23:07:49 +0000 2020,"RT @AnimaeOK: @dooglelover @JohnMil37229625 @DanielAndrewsMP #IStandWithDanAndrews 
#IStandWithDan
#ThanksDan", #IStandWithDanAndrews #IStandWithDan #ThanksDan,6,0.0,<a href= http://twitter.com/download/android  rel= nofollow >Twitter for Android</a>, @AnimaeOK @dooglelover @JohnMil37229625 @DanielAndrewsMP,,Mon,Sep,23
KKFSchnauze,"Melbourne, Australia",1.31e+18,Sun Sep 27 05:18:31 +0000 2020," The restrictions, however, have prevented a national second wave of the virus.  Thanks to the leadership of @DanielAndrewsMP and the communal spirit of Victorians, we ve seen off a NATIONAL second wave. Well done us! #IStandWithDanAndrews https://t.co/x2un21HSwi", #IStandWithDanAndrews,0,0.0,<a href= http://twitter.com/download/android  rel= nofollow >Twitter for Android</a>, @DanielAndrewsMP,,Sun,Sep,05
OKellyjacks,Melbourne,1.3e+18,Fri Sep 11 09:02:43 +0000 2020,"@DanielAndrewsMP Thank you Dan, appreciate all your hard work very much #IStandWithDanAndrews", #IStandWithDanAndrews,0,0.0,<a href= https://mobile.twitter.com  rel= nofollow >Twitter Web App</a>, @DanielAndrewsMP,,Fri,Sep,09
MKerynR_Art,"Melbourne, Australia",1.31e+18,Sun Sep 27 09:38:35 +0000 2020,RT @JasonGoroncy: @DanielAndrewsMP Thank you Dan. Keep following the science. Ignore the buffoons. #IStandWithDanAndrews, #IStandWithDanAndrews,38,0.0,<a href= http://twitter.com/download/iphone  rel= nofollow >Twitter for iPhone</a>, @JasonGoroncy @DanielAndrewsMP,,Sun,Sep,09
ILLL310768,"Melbourne, Victoria",1.31e+18,Sat Sep 26 01:49:42 +0000 2020,@JohnDrakeCooper @peggymel2001 @limscott @JennyMikakos @ScottMorrisonMP @DanielAndrewsMP @ScottyFromMktg #ScottyFromMarketing simply doesn’t have as Prime Minister John Howard once said the “ticker” for the job.  Daniel Andrews does.  #IStandWithDanAndrew, #ScottyFromMarketing #IStandWithDanAndrews,0,3.0,<a href= http://twitter.com/download/iphone  rel= nofollow >Twitter for iPhone</a>, @JohnDrakeCooper @peggymel2001 @limscott @JennyMikakos @ScottMorrisonMP @DanielAndrewsMP @ScottyFromMktg,,Sat,Sep,01
GLalSiri,"Melbourne, Victoria",1.31e+18,Sun Sep 27 01:06:18 +0000 2020,"@DanielAndrewsMP has shown us what leadership is during this pandemic unlike the buck-passing PM @ScottMorrisonMP 

The very reason to back our Premier! @DanielAndrewsMP #IStandWithDan #IStandWithDanAndrews #DanForPM #BoycottMurdoch https://t.co/2mjGxn2Es", #IStandWithDan #IStandWithDanAndrews #DanForPM #BoycottMurdoch,19,28.0,<a href= http://twitter.com/download/iphone  rel= nofollow >Twitter for iPhone</a>, @DanielAndrewsMP @ScottMorrisonMP @DanielAndrewsMP,,Sun,Sep,01
OLois_Lane_,"Melbourne, Victoria",1.31e+18,Tue Sep 15 07:30:03 +0000 2020,"@Joedal1986 @7NewsMelbourne @DanielAndrewsMP What a nasty human you are.  Disgusting saying that.  Please explain what a liberal leader would have done?  Ffs!!!
#IStandWithDanAndrews", #IStandWithDanAndrews,0,1.0,<a href= http://twitter.com/download/android  rel= nofollow >Twitter for Android</a>, @Joedal1986 @7NewsMelbourne @DanielAndrewsMP,,Tue,Sep,07
OLoveove355,"Melbourne, Victoria",1.3e+18,Tue Sep 08 01:03:33 +0000 2020,"@SmokedBlue @On_Da_Ball3 @Ericairns @DanielAndrewsMP 
50% VIC approval. 
70% Victorians approved stage 4 curfew.

Funny.. 
seems many Victorians do #standwithdan.

Your claim that no Victorians #standwithdan is still sh*t.

#IStandWithDanAndrews #IStandW", #standwithdan #standwithdan #IStandWithDanAndrews #IStandWithDan,3,2.0,<a href= http://twitter.com/download/android  rel= nofollow >Twitter for Android</a>, @SmokedBlue @On_Da_Ball3 @Ericairns @DanielAndrewsMP,http://pbs.twimg.com/tweet_video_thumb/EhWsEAZUYAI2qgL.jpg,Tue,Sep,01
KLynJBelche,"Melbourne, Victoria, Australia",1.31e+18,Tue Sep 29 02:05:38 +0000 2020,"#IStandWithDanAndrews  Thank you @DanielAndrewsMP for all that you do. Sorry you have to deal with ridiculous, inane questions daily from so-called  journalists  (who should know better)!", #IStandWithDanAndrews,0,0.0,<a href= https://mobile.twitter.com  rel= nofollow >Twitter Web App</a>, @DanielAndrewsMP,,Tue,Sep,02
GMaus621,"Melbourne, Victoria",1.3e+18,Tue Sep 08 04:34:09 +0000 2020,"@AlboMP you need to be louder with your support for @DanielAndrewsMP and you need to do it every single day.
Get behind him properly. Push Morrison into a corner he can t get out of.
We all know what the righr thing is here. Please just do it
#IStandWithD", #IStandWithDanAndrews,0,2.0,<a href= http://twitter.com/download/android  rel= nofollow >Twitter for Android</a>, @AlboMP @DanielAndrewsMP,,Tue,Sep,04
HMortPhil,"Sydney, Australia",1.3e+18,Sat Sep 12 08:53:25 +0000 2020,"RT @BehnazBehnazs: @brucerguthrie @VicGovDHHS Thanks Dan @DanielAndrewsMP 
#IStandWithDanAndrews 
#IStandWithDan
#DanIsHereToStay
#IStandWithCatherineAndrews
#ThanksDan", #IStandWithDanAndrews #IStandWithDan #DanIsHereToStay,5,0.0,<a href= http://twitter.com/download/android  rel= nofollow >Twitter for Android</a>, @BehnazBehnazs @brucerguthrie @VicGovDHHS @DanielAndrewsMP,,Sat,Sep,08
ONo1MachopF,"Victoria, Australia",1.3e+18,Thu Sep 10 10:48:21 +0000 2020,"R U OK @DanielAndrewsMP?

#IStandWithDanAndrews @ruokday", #IStandWithDanAndrews,0,0.0,<a href= https://mobile.twitter.com  rel= nofollow >Twitter Web App</a>, @DanielAndrewsMP @ruokday,,Thu,Sep,10
MNorelleFee,Sydney,1.3e+18,Wed Sep 09 12:13:41 +0000 2020,"@MadFckingWitch @DanielAndrewsMP Duh @rachelbaxendale @australian @theheraldsun OF COURSE she should block you. 
She s not an insensitive fool #lockdownMelbourne #IStandWithDanAndrews #IStandWithDanAndrewsWife", #lockdownMelbourne #IStandWithDanAndrews #IStandWithDanAndrewsWife,0,1.0,<a href= http://twitter.com/download/android  rel= nofollow >Twitter for Android</a>, @MadFckingWitch @DanielAndrewsMP @rachelbaxendale @australian @theheraldsun,,Wed,Sep,12
GOzLady0,"Melbourne, Australia",1.31e+18,Mon Sep 28 22:55:24 +0000 2020,"@SkyNewsAust @TimSmithMP @DanielAndrewsMP Is this you Timmy?
#LNPCrimeFamily
Is that Rachel?

#istandwithdan #IStandWithDanAndrews  

#boycottmurdoch #NewsCorpse #newsganda

https://t.co/VYAuL0Dx3f", #LNPCrimeFamily #istandwithdan #IStandWithDanAndrews #boycottmurdoch #NewsCorpse #newsganda,7,10.0,<a href= https://mobile.twitter.com  rel= nofollow >Twitter Web App</a>, @SkyNewsAust @TimSmithMP @DanielAndrewsMP,,Mon,Sep,22
GOzLady0,"Melbourne, Australia",1.31e+18,Tue Sep 29 14:32:45 +0000 2020,"@patrickdurkin @DanielAndrewsMP Another Bozo who has NFI.

#IStandWithDan #IStandWithDanAndrews 

#Propaganda #WhatstheissueRachel 

https://t.co/9vFdqj1Uwk", #IStandWithDan #IStandWithDanAndrews #Propaganda #WhatstheissueRachel,0,6.0,<a href= https://mobile.twitter.com  rel= nofollow >Twitter Web App</a>, @patrickdurkin @DanielAndrewsMP,,Tue,Sep,14
HPRGuy117,"Melbourne, Victoria",1.31e+18,Fri Oct 02 05:00:23 +0000 2020,"#DanielAndrewsMP 

#DanMustGo 

#IStandWithDanAndrews https://t.co/7QVI7APHhL", #DanielAndrewsMP #DanMustGo #IStandWithDanAndrews,0,1.0,<a href= http://twitter.com/download/android  rel= nofollow >Twitter for Android</a>,,,Fri,Oct,05
HPRGuy117,"Melbourne, Victoria",1.31e+18,Sat Oct 03 04:40:26 +0000 2020,"@JohnMilionis @oshawosha10 @DanielAndrewsMP @VictoriaPolice @VictorianCHO @AlboMP @MartinFoleyMP @michaelobrienmp Dictatordan 
#ResignDanielAndrews 
#IStandWithDan 
#BanDan
#DanLiedPeopleDied 
#IStandWithDanAndrews 
#MelbourneTraitors 
#melbournelockdown2", #ResignDanielAndrews #IStandWithDan #BanDan #DanLiedPeopleDied #IStandWithDanAndrews #MelbourneTraitors #melbournelockdown2020,0,2.0,<a href= http://twitter.com/download/android  rel= nofollow >Twitter for Android</a>, @JohnMilionis @oshawosha10 @DanielAndrewsMP @VictoriaPolice @VictorianCHO @AlboMP @MartinFoleyMP @michaelobrienmp,http://pbs.twimg.com/media/EjYNdH-VcAE4MIu.jpg,Sat,Oct,04
HPRGuy117,"Melbourne, Victoria",1.31e+18,Mon Sep 28 05:28:57 +0000 2020,"@digitalwarfar3 @DanielAndrewsMP @georgiecrozier @riseupmelbourne @PoliBard @CraigKellyMP Have a look at this Lying Ass Clown

Defenatly the Next Goon to get Thrown under Dans Labor Bus on the Highway to Hell

#IStandWithDanAndrews 

#ThrowDanUnderTheBusJ", #IStandWithDanAndrews #ThrowDanUnderTheBusJenny #ResignDanielAndrews,0,0.0,<a href= http://twitter.com/download/android  rel= nofollow >Twitter for Android</a>, @digitalwarfar3 @DanielAndrewsMP @georgiecrozier @riseupmelbourne @PoliBard @CraigKellyMP,,Mon,Sep,05
MPascaleLou,"Victoria, Australia",1.31e+18,Sun Sep 27 03:47:32 +0000 2020,"@DanielAndrewsMP Oh my goodness Dan, your box of beliefs is truly fascinating! And for all those who #IStandWithDanAndrews you are victims of your own beliefs and fears believing what you’ve been told, and not seeing what is!", #IStandWithDanAndrews,1,3.0,<a href= http://twitter.com/download/iphone  rel= nofollow >Twitter for iPhone</a>, @DanielAndrewsMP,,Sun,Sep,03
KPat3692378,"Melbourne, Victoria",1.31e+18,Mon Sep 28 02:11:13 +0000 2020,@DanielAndrewsMP #IStandWithDanAndrews, #IStandWithDanAndrews,0,3.0,<a href= http://twitter.com/download/iphone  rel= nofollow >Twitter for iPhone</a>, @DanielAndrewsMP,,Mon,Sep,02
OPatersonsP,Melbourne,1.31e+18,Tue Sep 22 01:11:16 +0000 2020,Is anyone else imagining @DanielAndrewsMP running an Arya Stark style “kill list” through his head while he endures yet another day of these journalists...? #IStandWithDanAndrews, #IStandWithDanAndrews,0,1.0,<a href= http://twitter.com/download/iphone  rel= nofollow >Twitter for iPhone</a>, @DanielAndrewsMP,,Tue,Sep,01
MPeterWMurp,"Sydney, Australia",1.3e+18,Mon Sep 07 22:04:17 +0000 2020,"Labor Premiers &amp; NT Chief are doing great work during this #COVID19 crisis.
#IStandWithDanAndrews
#IStandWithMarkMcGowan 
#IStandWithAnnastacia
#IStandWithMichaelGunner
Thx @DanielAndrewsMP @MarkMcGowanMP @AnnastaciaMP &amp; @fanniebay for your principled leadership. 
#COVID19Aus https://t.co/Av8DLiku0w", #COVID19 #IStandWithDanAndrews #IStandWithMarkMcGowan #IStandWithAnnastacia #IStandWithMichaelGunner #COVID19Aus,75,199.0,<a href= https://mobile.twitter.com  rel= nofollow >Twitter Web App</a>, @DanielAndrewsMP @MarkMcGowanMP @AnnastaciaMP @fanniebay,http://pbs.twimg.com/media/EhWC2WwU0AEEe8D.jpg,Mon,Sep,22
MPeterWMurp,"Sydney, Australia",1.31e+18,Fri Sep 25 04:23:13 +0000 2020,".@TimSmithMP blocked me bc I objected to him trolling @DanielAndrewsMP. Then @michaelobrienmp blocked me even though I d never tweeted anything about him! Now I ve been blocked by  @AgnesNorman64 , who I ve never even heard of. Is this a Vic Lib troll bot? #IStandWithDanAndrews", #IStandWithDanAndrews,43,174.0,<a href= https://mobile.twitter.com  rel= nofollow >Twitter Web App</a>, @TimSmithMP @DanielAndrewsMP @michaelobrienmp @AgnesNorman64,,Fri,Sep,04
MPeterWMurp,"Sydney, Australia",1.3e+18,Thu Sep 10 02:26:57 +0000 2020,Utterly disgusted the Murdoch minions are now trolling Vic Premier @DanielAndrewsMP s wife @CathLAndrews. #DanAndrews holds DAILY PRESSERS and politely answers EVERY QUESTION. So the Murdoch media is going after his wife? #ThisisNotJournalism #BoycottMurdoch #IStandWithDanAndrews, #DanAndrews #ThisisNotJournalism #BoycottMurdoch #IStandWithDanAndrews,26,58.0,<a href= https://mobile.twitter.com  rel= nofollow >Twitter Web App</a>, @DanielAndrewsMP @CathLAndrews,,Thu,Sep,02
MPeterWMurp,"Sydney, Australia",1.3e+18,Thu Sep 10 10:21:13 +0000 2020,"Dear @DanielAndrewsMP,
You lead w. principled integrity during #bushfires &amp; the #COVID19 crisis, hold daily pressers, politely answer all questions. Now your wife @CathLAndrews is being trolled by Murdoch minions. Stay strong. #IStandWithDanAndrews
#IStandWithCatherineAndrews https://t.co/TnWcXqeL9m", #bushfires #COVID19 #IStandWithDanAndrews #IStandWithCatherineAndrews,18,64.0,<a href= https://mobile.twitter.com  rel= nofollow >Twitter Web App</a>, @DanielAndrewsMP @CathLAndrews,http://pbs.twimg.com/media/Ehi-hIAVgAEi6WZ.jpg,Thu,Sep,10
LPezzamysti,"Melbourne, VIC",1.31e+18,Sun Sep 27 08:32:52 +0000 2020,"That look curvalicious, thanks @DanielAndrewsMP #IStandWithDanAndrews https://t.co/LPqkvXm2do", #IStandWithDanAndrews,1,4.0,<a href= http://twitter.com/download/android  rel= nofollow >Twitter for Android</a>, @DanielAndrewsMP,,Sun,Sep,08
LPezzamysti,"Melbourne, VIC",1.3e+18,Fri Sep 11 03:39:09 +0000 2020,"We the people of #Victoria do not support this move, we support @DanielAndrewsMP through this difficult time of #COVID19Victoria #IStandWithDanAndrews #IStandWithDan #vicpol https://t.co/jyih6fDpeC", #Victoria #COVID19Victoria #IStandWithDanAndrews #IStandWithDan #vicpol,0,0.0,<a href= http://twitter.com/download/android  rel= nofollow >Twitter for Android</a>, @DanielAndrewsMP,,Fri,Sep,03
NPodiatryPh,Camberwell Victoria,1.31e+18,Wed Sep 16 23:16:51 +0000 2020,"@Origsmartassam Imagine if the US had @DanielAndrewsMP ? He shows that you have to ignore the the extremes of the spectrum;loud rich entitled selfish fools like yourself, and the naive simpletons that are influenced by them.Virus can be defeated with brai", #IStandWithDanAndrews,0,0.0,<a href= http://twitter.com/download/iphone  rel= nofollow >Twitter for iPhone</a>, @Origsmartassam @DanielAndrewsMP,,Wed,Sep,23
IRamjet_63,"Melbourne, Australia",1.31e+18,Thu Sep 24 03:49:20 +0000 2020,Hoping the proposed lock down amendments remove or increase the 5km radius. Even 10km would allow so much more @DanielAndrewsMP #IStandWithDanAndrews, #IStandWithDanAndrews,0,0.0,<a href= http://twitter.com/download/iphone  rel= nofollow >Twitter for iPhone</a>, @DanielAndrewsMP,,Thu,Sep,03
IRicRaftis,"Wedderburn, Victoria",1.31e+18,Tue Sep 29 09:59:32 +0000 2020,"@LouiseStaley @rachelbaxendale @sumeyyailanbey @DanielAndrewsMP Yes, well you should listen to the video @LouiseStaley. Rachel CLEARLY said  finding  and then denied using that word. #COVID19Victoria #IStandWithDanAndrews", #COVID19Victoria #IStandWithDanAndrews,0,0.0,<a href= https://mobile.twitter.com  rel= nofollow >Twitter Web App</a>, @LouiseStaley @rachelbaxendale @sumeyyailanbey @DanielAndrewsMP @LouiseStaley,,Tue,Sep,09
NRobfindlay,"Melbourne, Victoria",1.31e+18,Fri Sep 25 08:53:32 +0000 2020,@SkyNewsAust @DanielAndrewsMP It’s a pity you didn’t get any new material today. Would like to see you do a better job! #IStandWithDanAndrews, #IStandWithDanAndrews,0,1.0,<a href= http://twitter.com/download/iphone  rel= nofollow >Twitter for iPhone</a>, @SkyNewsAust @DanielAndrewsMP,,Fri,Sep,08
HRosips71,"Melbourne, Victoria",1.31e+18,Sat Sep 26 02:20:39 +0000 2020,"RT @waldowns: For all those who #IStandWithDan #IStandWithDanAndrews 

How do you like your man now?  

Bit of a coward act don t you think?  Throwing a woman under the bus for following his orders

@DanielAndrewsMP #ResignDanielAndrews #resignDanAndrews #DanMustGo https://t.co/ZsVsKicIz9", #IStandWithDan #IStandWithDanAndrews,31,0.0,<a href= http://twitter.com/download/iphone  rel= nofollow >Twitter for iPhone</a>, @waldowns,,Sat,Sep,02
KShashamane,Broadmeadows,1.3e+18,Mon Sep 07 13:01:34 +0000 2020,"@abc730 @DanielAndrewsMP @mjrowland68 #IStandWithDanAndrews 
Gotta love this man, he oozes intelligence, confidence and leadership, unlike #ScottyFromMarketing", #IStandWithDanAndrews #ScottyFromMarketing,3,20.0,<a href= https://mobile.twitter.com  rel= nofollow >Twitter Web App</a>, @abc730 @DanielAndrewsMP @mjrowland68,,Mon,Sep,13
MSickofitSa,"Tasmania, Australia",1.3e+18,Tue Sep 08 05:13:54 +0000 2020,RT @TerrySerio: @abc730 @DanielAndrewsMP @mjrowland68 Jesus. I wish he was our Prime Minister. #IStandWithDanAndrews, #IStandWithDanAndrews,55,0.0,<a href= http://twitter.com/download/iphone  rel= nofollow >Twitter for iPhone</a>, @TerrySerio @abc730 @DanielAndrewsMP @mjrowland68,,Tue,Sep,05
MSickofitSa,"Tasmania, Australia",1.3e+18,Thu Sep 10 06:43:28 +0000 2020,RT @AstridRory: R U okay Mr @DanielAndrewsMP and your wife Catherine? #IStandWithDanAndrews &amp; #IStandWithCatherineAndrews  #RUOkayDay2020 https://t.co/zp8G3WFt8P, #IStandWithDanAndrews #IStandWithCatherineAndrews #RUOkayDay2020,7,0.0,<a href= http://twitter.com/download/iphone  rel= nofollow >Twitter for iPhone</a>, @AstridRory @DanielAndrewsMP,,Thu,Sep,06
MSilverquic,"Melbourne, Victoria",1.3e+18,Tue Sep 08 20:51:50 +0000 2020,"#IStandWithDanAndrews 

LNP
IPA
Business Council
#newscorpse 

They shout to open early but they never wear any blame or responsibilities

Thank you @DanielAndrewsMP @VictorianCHO for keeping us safe from #COVID19Vic long term effects

#IStandWithDanAndrews 
#COVID19Victoria", #IStandWithDanAndrews #newscorpse #COVID19Vic #IStandWithDanAndrews #COVID19Victoria,0,1.0,<a href= http://twitter.com/download/android  rel= nofollow >Twitter for Android</a>, @DanielAndrewsMP @VictorianCHO,,Tue,Sep,20
MSilverquic,"Melbourne, Victoria",1.3e+18,Sat Sep 12 03:11:16 +0000 2020,"Lessons to learn for gradual Melbourne opening
#COVID19Vic #COVID19Victoria 
@DanielAndrewsMP @VictorianCHO @VicHealth #IStandWithDan #IStandWithDanAndrews https://t.co/UW9AAQRvkP", #COVID19Vic #COVID19Victoria #IStandWithDan #IStandWithDanAndrews,0,0.0,<a href= http://twitter.com/download/android  rel= nofollow >Twitter for Android</a>, @DanielAndrewsMP @VictorianCHO @VicHealth,,Sat,Sep,03
FTCANE8,"Victoria, Australia",1.3e+18,Thu Sep 10 07:42:30 +0000 2020,RT @TaylorS11264605: @DanielAndrewsMP THANK YOU. #IStandWithDanAndrews #IStandWithCatherineAndrews https://t.co/Fid9s7zwxf, #IStandWithDanAndrews #IStandWithCatherineAndrews,2,0.0,<a href= http://twitter.com/download/android  rel= nofollow >Twitter for Android</a>, @TaylorS11264605 @DanielAndrewsMP,,Thu,Sep,07
JTerrySerio,Sydney,1.3e+18,Tue Sep 08 12:59:33 +0000 2020,"RT @talkingwalk: #IStandWithDanAndrews
The Prime Minister #Morrison  will never say it, so I will .....Good work Victoria you ve done a great job and so has @DanielAndrewsMP you ll be   be out as soon as its safe. 
Your fellow Australians ", #IStandWithDanAndrews #Morrison,147,0.0,<a href= http://twitter.com/download/iphone  rel= nofollow >Twitter for iPhone</a>, @talkingwalk,,Tue,Sep,12
JTerrySerio,Sydney,1.3e+18,Mon Sep 07 12:29:37 +0000 2020,@abc730 @DanielAndrewsMP @mjrowland68 Jesus. I wish he was our Prime Minister. #IStandWithDanAndrews, #IStandWithDanAndrews,56,557.0,<a href= http://twitter.com/download/iphone  rel= nofollow >Twitter for iPhone</a>, @abc730 @DanielAndrewsMP @mjrowland68,,Mon,Sep,12
JTerrySerio,Sydney,1.3e+18,Tue Sep 08 12:40:41 +0000 2020,RT @PinkSkyMagazine: @TerrySerio @abc730 @DanielAndrewsMP @mjrowland68 #IStandWithDanAndrews #DanForPM, #IStandWithDanAndrews #DanForPM,1,0.0,<a href= http://twitter.com/download/iphone  rel= nofollow >Twitter for iPhone</a>, @PinkSkyMagazine @TerrySerio @abc730 @DanielAndrewsMP @mjrowland68,,Tue,Sep,12
ITessacate,"Melbourne, Australia",1.3e+18,Thu Sep 10 01:49:25 +0000 2020,"@DanielAndrewsMP speaks &amp; suddenly it s #StacksOn once again from journalists trying whittle away lockdown rules for LNP Govt &amp; Murdoch.

THIS is why there s spike in calls to #Lifeline

#IStandWithDanAndrews #VictoriansStandWithDan #MelbourniansS", #StacksOn #Lifeline #IStandWithDanAndrews #VictoriansStandWithDan #MelbourniansStandWithDan #thisisnotjournalism,0,4.0,<a href= https://mobile.twitter.com  rel= nofollow >Twitter Web App</a>, @DanielAndrewsMP,http://pbs.twimg.com/tweet_video_thumb/EhhJvCaUcAA2xj6.jpg,Thu,Sep,01
KTravelator,Melbourne,1.3e+18,Sun Sep 13 00:51:10 +0000 2020,Remember to pause and give danks to the great daniety @DanielAndrewsMP that you have been graced with his great mercy: an extra hour of not being shut in your house and for being able to nominate your super best friend to suffer with. Don t forget to post #IStandWithDanAndrews , #IStandWithDanAndrews,0,0.0,<a href= http://twitter.com/download/android  rel= nofollow >Twitter for Android</a>, @DanielAndrewsMP,,Sun,Sep,00
KTravelator,Melbourne,1.3e+18,Sun Sep 13 01:18:10 +0000 2020,"Watch live as @DanielAndrewsMP is celebrated by the woke left for giving you back the liberties you had by birth as an Australian, one hour and one best friend as a time. Big shout out to the super-woke #IStandWithDanAndrews crowd. It s time #resignDanAndrews #springst #auspol https://t.co/t6VN0brKj5", #IStandWithDanAndrews #resignDanAndrews #springst #auspol,0,0.0,<a href= http://twitter.com/download/android  rel= nofollow >Twitter for Android</a>, @DanielAndrewsMP,,Sun,Sep,01
NVanessaLav,"Seymour, Victoria",1.31e+18,Fri Sep 18 23:28:50 +0000 2020,@mjrowland68 Way to go Melbourne &amp; Victoria. Thank you @DanielAndrewsMP for your continued leadership and a way out of this. #IStandWithDanAndrews, #IStandWithDanAndrews,1,5.0,<a href= http://twitter.com/download/iphone  rel= nofollow >Twitter for iPhone</a>, @mjrowland68 @DanielAndrewsMP,,Fri,Sep,23
NVanessaLav,"Seymour, Victoria",1.31e+18,Fri Sep 18 23:23:50 +0000 2020,@Bigly20 @VicGovDHHS @ScottMorrisonMP @DanielAndrewsMP  (don’t hold your breath lol - Dan isn’t Liberal) #IStandWithDanAndrews #istandwithvictoria, #IStandWithDanAndrews #istandwithvictoria,1,5.0,<a href= http://twitter.com/download/iphone  rel= nofollow >Twitter for iPhone</a>, @Bigly20 @VicGovDHHS @ScottMorrisonMP @DanielAndrewsMP,,Fri,Sep,23
HVikkik88,Sydney,1.31e+18,Wed Oct 07 10:04:37 +0000 2020,"RT @ladykate_kate: I couldn’t help myself... 
Old video of @DanielAndrewsMP  but oh so excellent... 
#IStandWithDanAndrews 
#DanforPM  https://t.co/0wn2dzYfTf", #IStandWithDanAndrews #DanforPM,19,0.0,<a href= http://twitter.com/download/iphone  rel= nofollow >Twitter for iPhone</a>, @ladykate_kate @DanielAndrewsMP,,Wed,Oct,10
KWendyCarey,"Melbourne, Australia",1.3e+18,Tue Sep 08 04:36:35 +0000 2020,"@tanya_plibersek @MinhKular @ScottMorrisonMP @DanielAndrewsMP Cold, totally lacking in compassion or empathy, totally focused only on the views of the money-men who fill his pockets. And exactly what one would expect of ScoMo. He s a disgrace. #IStandWith", #IStandWithDanAndrews,4,25.0,<a href= https://mobile.twitter.com  rel= nofollow >Twitter Web App</a>, @tanya_plibersek @MinhKular @ScottMorrisonMP @DanielAndrewsMP,,Tue,Sep,04
IWhyalla55,Sydney NSW Australia,1.3e+18,Tue Sep 08 08:29:18 +0000 2020,"RT @talkingwalk: #IStandWithDanAndrews
The Prime Minister #Morrison  will never say it, so I will .....Good work Victoria you ve done a great job and so has @DanielAndrewsMP you ll be   be out as soon as its safe. 
Your fellow Australians ", #IStandWithDanAndrews #Morrison,143,0.0,<a href= https://mobile.twitter.com  rel= nofollow >Twitter Web App</a>, @talkingwalk,,Tue,Sep,08
Oabbey_dyks,"Victoria, Australia",1.3e+18,Tue Sep 08 14:54:21 +0000 2020,"RT @talkingwalk: #IStandWithDanAndrews
The Prime Minister #Morrison  will never say it, so I will .....Good work Victoria you ve done a great job and so has @DanielAndrewsMP you ll be   be out as soon as its safe. 
Your fellow Australians ", #IStandWithDanAndrews #Morrison,143,0.0,<a href= http://twitter.com/download/iphone  rel= nofollow >Twitter for iPhone</a>, @talkingwalk,,Tue,Sep,14
Gafcoory,Melbourne,1.31e+18,Fri Sep 25 08:04:09 +0000 2020,@SallyLawry @chrismurphys @suthernx @DanielAndrewsMP #IStandWithDanAndrews A true statesman, #IStandWithDanAndrews,1,4.0,<a href= https://mobile.twitter.com  rel= nofollow >Twitter Web App</a>, @SallyLawry @chrismurphys @suthernx @DanielAndrewsMP,,Fri,Sep,08
Gafcoory,Melbourne,1.31e+18,Tue Sep 29 11:23:02 +0000 2020,@LouiseStaley @rachelbaxendale @sumeyyailanbey @DanielAndrewsMP Victorian shadow treasurer- all BS!  ... that figures ... you re working for #DimTim as well. #IStandWithDanAndrews, #DimTim #IStandWithDanAndrews,0,3.0,<a href= https://mobile.twitter.com  rel= nofollow >Twitter Web App</a>, @LouiseStaley @rachelbaxendale @sumeyyailanbey @DanielAndrewsMP,,Tue,Sep,11
Gafcoory,Melbourne,1.31e+18,Fri Sep 25 09:29:31 +0000 2020,@vogrady2132 @DanielAndrewsMP #IStandWithDanAndrews A true statesman And thanks to all #Labor state premiers #COVID19, #IStandWithDanAndrews #Labor #COVID19,18,89.0,<a href= https://mobile.twitter.com  rel= nofollow >Twitter Web App</a>, @vogrady2132 @DanielAndrewsMP,,Fri,Sep,09
Gafcoory,Melbourne,1.31e+18,Sat Sep 26 04:40:17 +0000 2020,@MayneReport @DanielAndrewsMP #IStandWithDanAndrews ... a true statesman, #IStandWithDanAndrews,0,3.0,<a href= https://mobile.twitter.com  rel= nofollow >Twitter Web App</a>, @MayneReport @DanielAndrewsMP,,Sat,Sep,04
Gafcoory,Melbourne,1.31e+18,Sun Sep 27 11:53:21 +0000 2020,@AaronDodd @LNPvoterfail @DanielAndrewsMP #IStandWithDanAndrews #BanMurdochMedia, #IStandWithDanAndrews #BanMurdochMedia,0,0.0,<a href= https://mobile.twitter.com  rel= nofollow >Twitter Web App</a>, @AaronDodd @LNPvoterfail @DanielAndrewsMP,,Sun,Sep,11
Gafcoory,Melbourne,1.31e+18,Sat Sep 26 04:31:35 +0000 2020,@jaquix173 @Billablog @DanielAndrewsMP #IStandWithDanAndrews ... a true statesman, #IStandWithDanAndrews,0,2.0,<a href= https://mobile.twitter.com  rel= nofollow >Twitter Web App</a>, @jaquix173 @Billablog @DanielAndrewsMP,,Sat,Sep,04
Gafcoory,Melbourne,1.31e+18,Wed Sep 23 05:06:07 +0000 2020,@mahootna2 @DanielAndrewsMP #IStandWithDanAndrews #DanforPM, #IStandWithDanAndrews #DanforPM,1,4.0,<a href= https://mobile.twitter.com  rel= nofollow >Twitter Web App</a>, @mahootna2 @DanielAndrewsMP,,Wed,Sep,05
Gafcoory,Melbourne,1.31e+18,Tue Sep 22 12:11:41 +0000 2020,@DrCraigEmerson @alyxei1 @SwannyQLD @raywilton4 @newscorp @DanielAndrewsMP #IStandWithDanAndrews, #IStandWithDanAndrews,0,0.0,<a href= https://mobile.twitter.com  rel= nofollow >Twitter Web App</a>, @DrCraigEmerson @alyxei1 @SwannyQLD @raywilton4 @newscorp @DanielAndrewsMP,,Tue,Sep,12
Gafcoory,Melbourne,1.31e+18,Sun Sep 27 12:01:30 +0000 2020,@rjm027 @slsandpet @DanielAndrewsMP #IStandWithDanAndrews #BanMurdochMedia, #IStandWithDanAndrews #BanMurdochMedia,0,3.0,<a href= https://mobile.twitter.com  rel= nofollow >Twitter Web App</a>, @rjm027 @slsandpet @DanielAndrewsMP,,Sun,Sep,12
Gajphelo,"Melbourne, Victoria",1.31e+18,Sat Sep 26 04:05:32 +0000 2020,"RT @waldowns: For all those who #IStandWithDan #IStandWithDanAndrews 

How do you like your man now?  

Bit of a coward act don t you think?  Throwing a woman under the bus for following his orders

@DanielAndrewsMP #ResignDanielAndrews #resignDanAndrews #DanMustGo https://t.co/ZsVsKicIz9", #IStandWithDan #IStandWithDanAndrews,31,0.0,<a href= http://twitter.com/download/iphone  rel= nofollow >Twitter for iPhone</a>, @waldowns,,Sat,Sep,04
Nandreakirb,Melbourne,1.3e+18,Tue Sep 08 22:41:58 +0000 2020,"Of course mistakes have been made. Nobody’s has dealt with this virus before. I will vote again for @DanielAndrewsMP because unlike @ScottMorrisonMP he has been there everyday leading, taking accountability and being honest. #IStandWithDanAndrews https://t.co/b3bVkDnjbH", #IStandWithDanAndrews,2,2.0,<a href= http://twitter.com/download/iphone  rel= nofollow >Twitter for iPhone</a>, @DanielAndrewsMP @ScottMorrisonMP,,Tue,Sep,22
Lannschof_a,Brunswick Victoria Australia,1.31e+18,Sat Sep 19 04:22:30 +0000 2020,"@9NewsMelb @geeksrulz They need @DanielAndrewsMP.
Wonder if Madrillenos have nutty tories who will protest and attempt to destroy morale like our LNP.
#IStandWithDanAndrews", #IStandWithDanAndrews,0,0.0,<a href= http://twitter.com/#!/download/ipad  rel= nofollow >Twitter for iPad</a>, @9NewsMelb @geeksrulz @DanielAndrewsMP,,Sat,Sep,04
Hanthpezz,"Melbourne, Australia",1.31e+18,Fri Sep 25 23:22:33 +0000 2020,"@ColetteGarnaut @GreenJ @DanielAndrewsMP @scottmorrison Again, if Andrews Govt would’ve accepted the offer of ADF &amp; not poorly trained, supervised &amp; PAID private security....
Yes, Feds need to answer on Aged, what I can’t handle is the #IStandWith", #IStandWithDanAndrews,0,0.0,<a href= http://twitter.com/download/iphone  rel= nofollow >Twitter for iPhone</a>, @ColetteGarnaut @GreenJ @DanielAndrewsMP @scottmorrison,,Fri,Sep,23
Maustbondlo,"Melbourne, Victoria",1.3e+18,Wed Sep 09 01:34:49 +0000 2020,"RT @talkingwalk: #IStandWithDanAndrews
The Prime Minister #Morrison  will never say it, so I will .....Good work Victoria you ve done a great job and so has @DanielAndrewsMP you ll be   be out as soon as its safe. 
Your fellow Australians ", #IStandWithDanAndrews #Morrison,143,0.0,<a href= https://mobile.twitter.com  rel= nofollow >Twitter Web App</a>, @talkingwalk,,Wed,Sep,01
Kb_rational,"Melbourne, Victoria",1.31e+18,Thu Oct 01 03:25:37 +0000 2020,@DanielAndrewsMP Thanks Dan #IStandWithDan #IStandWithDanAndrews, #IStandWithDan #IStandWithDanAndrews,0,1.0,<a href= http://twitter.com/download/iphone  rel= nofollow >Twitter for iPhone</a>, @DanielAndrewsMP,,Thu,Oct,03
Ib_rational,"Melbourne, Victoria",1.31e+18,Sun Sep 27 10:35:38 +0000 2020,#IStandWithDanAndrews #istandwithdan #dantheman @DanielAndrewsMP  THANK YOU!!!!, #IStandWithDanAndrews #istandwithdan #dantheman,0,0.0,<a href= http://twitter.com/download/iphone  rel= nofollow >Twitter for iPhone</a>, @DanielAndrewsMP,,Sun,Sep,10
Gbaoyusi,"Melbourne, Victoria",1.31e+18,Mon Sep 28 04:31:51 +0000 2020,"I wish @michellegrattan would just cross to Sky News now, and stop polluting the news with her anti @DanielAndrewsMP bias.

Congratulations to every Victorian for their combined efforts in fighting this virus.
#keepgoingVictoria 
#IStandWithDanAndrews", #keepgoingVictoria #IStandWithDanAndrews,0,0.0,<a href= http://twitter.com/download/android  rel= nofollow >Twitter for Android</a>, @michellegrattan @DanielAndrewsMP,,Mon,Sep,04
Mberniepeop,"richmond,melbourne, australia",1.31e+18,Fri Sep 25 12:08:29 +0000 2020,RT @afcoory: @vogrady2132 @DanielAndrewsMP #IStandWithDanAndrews A true statesman And thanks to all #Labor state premiers #COVID19, #IStandWithDanAndrews #Labor #COVID19,18,0.0,<a href= http://twitter.com/download/iphone  rel= nofollow >Twitter for iPhone</a>, @afcoory @vogrady2132 @DanielAndrewsMP,,Fri,Sep,12
Oblahblahbl,Melbourne,1.31e+18,Tue Sep 29 10:34:32 +0000 2020,"@Anita__Stubbs And we have to critically appraise the media - that s our job – and that s what we re doing...

#IStandWithDanAndrews 
#WhatstheissueRachel 
@DanielAndrewsMP 
#ThisIsNotJournalism https://t.co/8g8v0IlSge", #IStandWithDanAndrews #WhatstheissueRachel #ThisIsNotJournalism,1,2.0,<a href= https://mobile.twitter.com  rel= nofollow >Twitter Web App</a>, @Anita__Stubbs @DanielAndrewsMP,http://pbs.twimg.com/tweet_video_thumb/EjE4IeNU8AMk-0R.jpg,Tue,Sep,10
Oblahblahbl,Melbourne,1.31e+18,Mon Sep 21 09:10:24 +0000 2020,"@IanHartley_ @pauloliver9999 .
#IStandWithDan 
#IStandWithDanAndrews 
#ThanksDan 
@DanielAndrewsMP https://t.co/JJ0ORCuWG7", #IStandWithDan #IStandWithDanAndrews #ThanksDan,0,0.0,<a href= https://mobile.twitter.com  rel= nofollow >Twitter Web App</a>, @IanHartley_ @pauloliver9999 @DanielAndrewsMP,http://pbs.twimg.com/tweet_video_thumb/EibYIsPVoAEycY3.jpg,Mon,Sep,09
Oblahblahbl,Melbourne,1.31e+18,Wed Sep 23 03:25:58 +0000 2020,"@mauricebilli @rachelbaxendale I don t.
#IStandWithDan 
#IStandWithDanAndrews 
#DanForPM 
@DanielAndrewsMP", #IStandWithDan #IStandWithDanAndrews #DanForPM,1,1.0,<a href= https://mobile.twitter.com  rel= nofollow >Twitter Web App</a>, @mauricebilli @rachelbaxendale @DanielAndrewsMP,,Wed,Sep,03
Oblahblahbl,Melbourne,1.31e+18,Tue Sep 22 23:03:21 +0000 2020,"We must defend ourselves from the lies of the billionaire press &amp; oligarchs.

Just as there is a formula for the oligarch to take power – there is a formula for defeating them.

#IStandWithDan
#IStandWithDanAndrews 
#ThisIsNotJournalism 
@DanielAndrewsMP https://t.co/V5nW22UAvq", #IStandWithDan #IStandWithDanAndrews #ThisIsNotJournalism,0,2.0,<a href= https://mobile.twitter.com  rel= nofollow >Twitter Web App</a>, @DanielAndrewsMP,,Tue,Sep,23
Jbrenno1972,"Traralgon, Victoria",1.31e+18,Sun Sep 20 09:01:31 +0000 2020,"RT @OzLady0: @SkyNewsAust @rowandean @DanielAndrewsMP Watch ABC tonight at 7:40pm

#IStandWithDan #IStandWithDanAndrews #IStandWithVic 

#BoycottMurdoch #NewsCorpse https://t.co/3IFQdxHLY8", #IStandWithDan #IStandWithDanAndrews #IStandWithVic,2,0.0,<a href= http://twitter.com/download/android  rel= nofollow >Twitter for Android</a>, @OzLady0 @SkyNewsAust @rowandean @DanielAndrewsMP,,Sun,Sep,09
Ibriggas43,"Melbourne, Australia",1.31e+18,Tue Sep 15 07:42:08 +0000 2020,"@colonelhogans @DanielAndrewsMP I just read about the disgusting personal attack he received involving his dad, and what he said about it today. Even in the face of that despicable, shameful behaviour, he maintains professionalism and grace. He s a better", #IStandWithDanAndrews,4,36.0,<a href= http://twitter.com/download/android  rel= nofollow >Twitter for Android</a>, @colonelhogans @DanielAndrewsMP,,Tue,Sep,07
Ochristyjfe,"Melbourne, Victoria",1.31e+18,Tue Sep 29 05:36:35 +0000 2020,Stop Bullying Daniel Andrews - Sign the Petition! https://t.co/qN9uOI1GGk  @ChangeAUS @DanielAndrewsMP #IStandWithDanAndrews #istandwithdan #danandrews #victoria #victorialockdown #VictoriaStrong #staythecourse #danielandrews #dandrews #melbournelockdown2020 #WhatstheissueRachel, #IStandWithDanAndrews #istandwithdan #danandrews #victoria #victorialockdown #VictoriaStrong #staythecourse #danielandrews #dandrews #melbournelockdown2020 #WhatstheissueRachel,0,0.0,<a href= http://twitter.com/download/iphone  rel= nofollow >Twitter for iPhone</a>, @ChangeAus @DanielAndrewsMP,,Tue,Sep,05
Ochristyjfe,"Melbourne, Victoria",1.31e+18,Sun Sep 20 10:40:27 +0000 2020,@KeepItR44291833 @leipard @DanielAndrewsMP He is the best! #IStandWithDan #IStandWithDanAndrews, #IStandWithDan #IStandWithDanAndrews,0,0.0,<a href= http://twitter.com/download/iphone  rel= nofollow >Twitter for iPhone</a>, @KeepItR44291833 @leipard @DanielAndrewsMP,,Sun,Sep,10
Hcmcleish,"Melbourne, Victoria",1.31e+18,Fri Sep 25 01:36:10 +0000 2020,These journos are driving me to drink.  How thick are you!! Give Dan a break and us!  @DanielAndrewsMP @rachelbaxendale #IStandWithDan #IStandWithDanAndrews @sumeyyailanbey, #IStandWithDan #IStandWithDanAndrews,2,2.0,<a href= http://twitter.com/download/iphone  rel= nofollow >Twitter for iPhone</a>, @DanielAndrewsMP @rachelbaxendale @sumeyyailanbey,,Fri,Sep,01
Hcmcleish,"Melbourne, Victoria",1.31e+18,Wed Sep 23 04:15:22 +0000 2020,@Redcar51 @DanielAndrewsMP I’ve been watching the pressers just to hear these Fools make fools of themselves.  It been so worth it. #IStandWithDanAndrews, #IStandWithDanAndrews,0,6.0,<a href= http://twitter.com/download/iphone  rel= nofollow >Twitter for iPhone</a>, @Redcar51 @DanielAndrewsMP,,Wed,Sep,04
Gcon1094,"Melbourne, Victoria",1.31e+18,Tue Sep 29 10:59:37 +0000 2020,@SkyNewsAust @DanielAndrewsMP @jeff_kennett It s so funny hearing the bloke who muzzled the Auditor-General lecture about accountability and proper administration. #springst #auspol #IStandWithDanAndrews #IStandWithDan, #springst #auspol #IStandWithDanAndrews #IStandWithDan,0,4.0,<a href= https://mobile.twitter.com  rel= nofollow >Twitter Web App</a>, @SkyNewsAust @DanielAndrewsMP @jeff_kennett,,Tue,Sep,10
Gcon1094,"Melbourne, Victoria",1.31e+18,Mon Sep 28 01:32:11 +0000 2020,Sounds like I m going to love @DanielAndrewsMP s economic rebuild strategy. @LiberalVictoria will be having kittens! #springst #auspol #IStandWithDan #IStandWithDanAndrews, #springst #auspol #IStandWithDan #IStandWithDanAndrews,0,3.0,<a href= https://mobile.twitter.com  rel= nofollow >Twitter Web App</a>, @DanielAndrewsMP @LiberalVictoria,,Mon,Sep,01
Ncowcatcher,"Melbourne, Victoria, Australia",1.31e+18,Sun Sep 27 04:56:19 +0000 2020,"The curfew disappears just as its legality is about to be tested in court.  And yet the  useful idiots  of #IStandWithDanAndrews still delude themselves that  @DanielAndrewsMP actions are guided by science, the law, and his pure-as-the-driven-snow integrity.

#danielandrews", #IStandWithDanAndrews #danielandrews,0,0.0,<a href= https://mobile.twitter.com  rel= nofollow >Twitter Web App</a>, @DanielAndrewsMP,,Sun,Sep,04
Lcrawford32,"Melbourne, Victoria",1.31e+18,Sun Sep 27 08:15:39 +0000 2020,"@newbury3186 @DanielAndrewsMP No @DanielAndrewsMP needed permission from Victoria Police #vicpol... they re running the state, not him. #melbournelockdown2020 #DictatorDan #melbournelockdown #IStandWithDanAndrews", #vicpol #melbournelockdown2020 #DictatorDan #melbournelockdown #IStandWithDanAndrews,0,1.0,<a href= http://twitter.com/download/android  rel= nofollow >Twitter for Android</a>, @newbury3186 @DanielAndrewsMP @DanielAndrewsMP,,Sun,Sep,08
Kcrazyjane1,Melbourne,1.3e+18,Tue Sep 08 07:09:57 +0000 2020,"Wow, I m surprised @Channel10AU didn t try to blame @DanielAndrewsMP for the damage caused by the storm today. Since everything else is his fault, apparently. #IStandWithDanAndrews", #IStandWithDanAndrews,0,4.0,<a href= https://mobile.twitter.com  rel= nofollow >Twitter Web App</a>, @Channel10AU @DanielAndrewsMP,,Tue,Sep,07
Kcroke_davi,"Melbourne, Victoria",1.31e+18,Tue Sep 22 07:41:06 +0000 2020,"Well it seems that Dan is our mild mannered Premier who is not resorting to totally draconian methods. 

#IStandWithDanAndrews 

When you go to break the rules, remember @DanielAndrewsMP has answers he hasn’t used yet!!! https://t.co/orQ7qKU3ou", #IStandWithDanAndrews,0,1.0,<a href= http://twitter.com/download/iphone  rel= nofollow >Twitter for iPhone</a>, @DanielAndrewsMP,,Tue,Sep,07
Kcroke_davi,"Melbourne, Victoria",1.31e+18,Wed Sep 23 00:53:39 +0000 2020,"@drvyom MSM is so good at providing us a morning laugh on a daily basis.

Between their comical questions and @DanielAndrewsMP ‘s gentle batting back with his smile and patient answers. 

#IStandWithDanAndrews #DanForPM", #IStandWithDanAndrews #DanForPM,0,13.0,<a href= http://twitter.com/download/iphone  rel= nofollow >Twitter for iPhone</a>, @drvyom @DanielAndrewsMP,,Wed,Sep,00
Kcroke_davi,"Melbourne, Victoria",1.31e+18,Wed Sep 23 09:18:21 +0000 2020,"@jaquix173 @TeresabDB62 @rachelbaxendale @ScottyFromMktg and his #FeralGovtAUS are responsible for quarantine. They also had regulatory and delivery responsibility for the majority of Aged Care facilities. 

@DanielAndrewsMP , without any fuss or finger p", #FeralGovtAUS #IStandWithDanAndrews,1,13.0,<a href= http://twitter.com/download/iphone  rel= nofollow >Twitter for iPhone</a>, @jaquix173 @TeresabDB62 @rachelbaxendale @ScottyFromMktg @DanielAndrewsMP,,Wed,Sep,09
Kcroke_davi,"Melbourne, Victoria",1.31e+18,Thu Sep 24 06:47:42 +0000 2020,"@NinaTaylorMP @snowycats I was a swing voter leaning to centre of slightly right. Annoyed with news coverage, annoyed with LNP. Totally back @DanielAndrewsMP and his leadership. I’ve had no friends catch or die from C-19 in Vic. He has defined leadership ", #IStandWithDanAndrews,0,12.0,<a href= http://twitter.com/download/iphone  rel= nofollow >Twitter for iPhone</a>, @NinaTaylorMP @snowycats @DanielAndrewsMP,,Thu,Sep,06
Kdavidihale,Melbourne.,1.31e+18,Mon Sep 28 10:37:00 +0000 2020,"@HaydenJOConnor @leighsales Lies lies and damnable lies.

I hope @DanielAndrewsMP becomes PM and we actually get some leadership...

#IStandWithDanAndrews", #IStandWithDanAndrews,0,2.0,<a href= https://mobile.twitter.com  rel= nofollow >Twitter Web App</a>, @HaydenJOConnor @leighsales @DanielAndrewsMP,,Mon,Sep,10
Gdjsveta,"Sydney, Australia",1.31e+18,Wed Sep 23 23:02:14 +0000 2020,Amazing! @DanielAndrewsMP #leggo #presser #vic #IStandWithDanAndrews  https://t.co/2JQA43eeMA, #leggo #presser #vic #IStandWithDanAndrews,0,0.0,<a href= http://twitter.com/download/iphone  rel= nofollow >Twitter for iPhone</a>, @DanielAndrewsMP,,Wed,Sep,23
Gdlew919,Sydney,1.3e+18,Tue Sep 08 22:12:54 +0000 2020,"RT @talkingwalk: #IStandWithDanAndrews
The Prime Minister #Morrison  will never say it, so I will .....Good work Victoria you ve done a great job and so has @DanielAndrewsMP you ll be   be out as soon as its safe. 
Your fellow Australians ", #IStandWithDanAndrews #Morrison,147,0.0,<a href= http://twitter.com/download/iphone  rel= nofollow >Twitter for iPhone</a>, @talkingwalk,,Tue,Sep,22
Lellisoconn,Melbourne,1.31e+18,Sun Sep 27 02:33:23 +0000 2020,"RT @cherrysling: Dear @DanielAndrewsMP 
Thank you
Just, thank you 
#IStandWithDanAndrews", #IStandWithDanAndrews,8,0.0,<a href= http://twitter.com/#!/download/ipad  rel= nofollow >Twitter for iPad</a>, @cherrysling @DanielAndrewsMP,,Sun,Sep,02
Lellisoconn,Melbourne,1.31e+18,Sun Sep 27 03:40:22 +0000 2020,RT @Parul18703075: @DanielAndrewsMP #IStandWithDanAndrews, #IStandWithDanAndrews,2,0.0,<a href= http://twitter.com/download/iphone  rel= nofollow >Twitter for iPhone</a>, @Parul18703075 @DanielAndrewsMP,,Sun,Sep,03
Lellisoconn,Melbourne,1.31e+18,Sun Sep 27 03:29:45 +0000 2020,"@Weeezza @DanielAndrewsMP I have to agree as last time students went back to school, everybody seemed to relax as if #COVID19Vic was over #IStandWithDanAndrews", #COVID19Vic #IStandWithDanAndrews,2,1.0,<a href= http://twitter.com/download/iphone  rel= nofollow >Twitter for iPhone</a>, @Weeezza @DanielAndrewsMP,,Sun,Sep,03
Kericdelane,Melbourne Australia,1.31e+18,Thu Oct 01 13:38:59 +0000 2020,@DanielAndrewsMP #IStandWithDanAndrews , #IStandWithDanAndrews,0,0.0,<a href= http://twitter.com/download/iphone  rel= nofollow >Twitter for iPhone</a>, @DanielAndrewsMP,,Thu,Oct,13
Kfeeding_ea,Melbourne,1.3e+18,Tue Sep 08 01:43:36 +0000 2020,@greghunt and @ScottMorrisonMP are absolutely disgraceful. Pathetic white anting on @DanielAndrewsMP while again contributing absolutely nothing in either actual policy ideas or financial help. #IStandWithDanAndrews, #IStandWithDanAndrews,1,1.0,<a href= https://mobile.twitter.com  rel= nofollow >Twitter Web App</a>, @greghunt @ScottMorrisonMP @DanielAndrewsMP,,Tue,Sep,01
Nfreakylong,"Melbourne, Victoria",1.31e+18,Sat Oct 03 07:04:41 +0000 2020,"@GasIsTheNewCoal @lenoretaylor I think that most of us just want to see Morrison and Colbeck etc held to the same standard as @DanielAndrewsMP. I guess accountability is only mandatory for the Vic Premier. That much is clear. 
#IStandWithDanAndrews
#baxen", #IStandWithDanAndrews #baxendale,3,6.0,<a href= http://twitter.com/download/android  rel= nofollow >Twitter for Android</a>, @GasIsTheNewCoal @lenoretaylor @DanielAndrewsMP,,Sat,Oct,07
Nfreakylong,"Melbourne, Victoria",1.31e+18,Sat Oct 03 02:18:40 +0000 2020,"@PRGuy17 I m not surprised. The prejudice shown against @DanielAndrewsMP by the media is reprehensible. 
#ThisIsNotJournalism 
#IStandWithDanAndrews", #ThisIsNotJournalism #IStandWithDanAndrews,0,4.0,<a href= http://twitter.com/download/android  rel= nofollow >Twitter for Android</a>, @PRGuy17 @DanielAndrewsMP,,Sat,Oct,02
Mfreddithef,"Melbourne, Victoria",1.31e+18,Wed Sep 30 12:35:44 +0000 2020,"RT @ladykate_kate: I couldn’t help myself... 
Old video of @DanielAndrewsMP  but oh so excellent... 
#IStandWithDanAndrews 
#DanforPM  https://t.co/0wn2dzYfTf", #IStandWithDanAndrews #DanforPM,19,0.0,<a href= http://twitter.com/#!/download/ipad  rel= nofollow >Twitter for iPad</a>, @ladykate_kate @DanielAndrewsMP,,Wed,Sep,12
Igypsybels,"Tasmania, Australia",1.31e+18,Fri Sep 25 11:36:24 +0000 2020,RT @Traci98736999: #IStandWithDanAndrews @DanielAndrewsMP https://t.co/vXEHzyMTJM, #IStandWithDanAndrews,2,0.0,<a href= http://twitter.com/download/iphone  rel= nofollow >Twitter for iPhone</a>, @Traci98736999 @DanielAndrewsMP,,Fri,Sep,11
Fhbowly,"Melbourne, Victoria",1.3e+18,Tue Sep 08 11:30:41 +0000 2020,"RT @talkingwalk: #IStandWithDanAndrews
The Prime Minister #Morrison  will never say it, so I will .....Good work Victoria you ve done a great job and so has @DanielAndrewsMP you ll be   be out as soon as its safe. 
Your fellow Australians ", #IStandWithDanAndrews #Morrison,143,0.0,<a href= http://twitter.com/download/iphone  rel= nofollow >Twitter for iPhone</a>, @talkingwalk,,Tue,Sep,11
Ohonestyand,Gippsland,1.31e+18,Sun Sep 27 10:00:13 +0000 2020,RT @waldowns: #IStandWithDanAndrews #IStandWithDan idiots during @DanielAndrewsMP press conference today.  They’re carrying on as if he’d just discovered a cure for cancer. It’s sad that they’re not bright enough to realise he’s just throwing us all a bone to keep everyone distracted https://t.co/U0rJc2VZ8p, #IStandWithDanAndrews #IStandWithDan,8,0.0,<a href= http://twitter.com/download/iphone  rel= nofollow >Twitter for iPhone</a>, @waldowns @DanielAndrewsMP,,Sun,Sep,10
Kiamsambarr,"Melbourne, Victoria",1.31e+18,Fri Sep 25 06:00:42 +0000 2020,"@newscomauHQ Rupert Murdoch and Newscorp manipulate twitter by using fake twitter accounts to mass hashtag slandering remarks about 
@DanielAndrewsMP
 Modern journalism is dead. Only the educated are free. #IStandWithDanAndrews #HotelQuarantine #COVID19Vi", #IStandWithDanAndrews #HotelQuarantine #COVID19VicData,0,1.0,<a href= https://mobile.twitter.com  rel= nofollow >Twitter Web App</a>, @newscomauHQ @DanielAndrewsMP,,Fri,Sep,06
Oironchefsh,"Melbourne, Australia",1.3e+18,Sat Sep 12 03:43:46 +0000 2020,"Thank you @DanielAndrewsMP and @VictoriaPolice 

#IStandWithDan #IStandWithDanAndrews", #IStandWithDan #IStandWithDanAndrews,0,5.0,<a href= http://twitter.com/download/android  rel= nofollow >Twitter for Android</a>, @DanielAndrewsMP @VictoriaPolice,,Sat,Sep,03
Gjaneb69,Melbourne,1.3e+18,Thu Sep 10 03:19:43 +0000 2020,RT @afcoory: @Rrockstar10 @reardon_shaun @DanielAndrewsMP #IStandWithDanAndrews and his amazing wife and partner #CatherineAndrews, #IStandWithDanAndrews #CatherineAndrews,1,0.0,<a href= https://mobile.twitter.com  rel= nofollow >Twitter Web App</a>, @afcoory @Rrockstar10 @reardon_shaun @DanielAndrewsMP,,Thu,Sep,03
Ijason_vdm,"Melbourne, Victoria",1.31e+18,Fri Sep 25 23:58:18 +0000 2020,"Cmon @DanielAndrewsMP, your turn now #fuckoff #IStandWithDanAndrews   https://t.co/IiHzMt7gPf", #fuckoff #IStandWithDanAndrews,1,1.0,<a href= http://twitter.com/download/iphone  rel= nofollow >Twitter for iPhone</a>, @DanielAndrewsMP,,Fri,Sep,23
Gjenbrec,"Melbourne, Victoria",1.31e+18,Mon Sep 28 00:24:16 +0000 2020,It is truly incredible that people can somehow find a way to make “5 positive cases today” into a negative towards @DanielAndrewsMP. Find a new hobby. #IStandWithDanAndrews  #COVID19Vic, #IStandWithDanAndrews #COVID19Vic,1,0.0,<a href= http://twitter.com/download/iphone  rel= nofollow >Twitter for iPhone</a>, @DanielAndrewsMP,,Mon,Sep,00
Njuliasilve,"Melbourne, Victoria",1.31e+18,Tue Sep 29 05:23:33 +0000 2020,@DanielAndrewsMP I said it earlier this week but after today’s presser I need to say it again “don’t let the bastards grind you down”. #IStandWithDanAndrews, #IStandWithDanAndrews,0,0.0,<a href= http://twitter.com/download/iphone  rel= nofollow >Twitter for iPhone</a>, @DanielAndrewsMP,,Tue,Sep,05
Fkraima,Melbourne - Australia,1.3e+18,Fri Sep 11 09:05:35 +0000 2020,A new Poll is out. Apparently 70% approve of @DanielAndrewsMP handling on the Pandemic. The other 30% Work for a living. #thanksdan #IStandWithDan #IStandWithDanAndrews #resignDanAndrews #melbournelockdown #COVID19Vic, #thanksdan #IStandWithDan #IStandWithDanAndrews #resignDanAndrews #melbournelockdown #COVID19Vic,0,0.0,<a href= https://mobile.twitter.com  rel= nofollow >Twitter Web App</a>, @DanielAndrewsMP,,Fri,Sep,09
Jm_muchelle,south Coast NSW,1.31e+18,Fri Sep 25 09:29:11 +0000 2020,@DougCameron51 @RayWilsonNSW @DanielAndrewsMP #IStandWithDanAndrews takes responsibility calmly and with great integrity. A true leader, #IStandWithDanAndrews,1,3.0,<a href= https://mobile.twitter.com  rel= nofollow >Twitter Web App</a>, @DougCameron51 @RayWilsonNSW @DanielAndrewsMP,,Fri,Sep,09
Kmarjiesgir,"Melbourne, Victoria",1.3e+18,Thu Sep 10 06:28:13 +0000 2020,"RT @simmo_dwyer: I just tripped over? Should I blame @DanielAndrewsMP 

#IStandWithDanAndrews #istandwithdan", #IStandWithDanAndrews #istandwithdan,2,0.0,<a href= https://mobile.twitter.com  rel= nofollow >Twitter Web App</a>, @simmo_dwyer @DanielAndrewsMP,,Thu,Sep,06
Kmediumshel,,1.3e+18,Thu Sep 10 04:21:33 +0000 2020,@David_Speers @DanielAndrewsMP #IStandWithDanAndrews, #IStandWithDanAndrews,0,0.0,<a href= http://twitter.com/download/iphone  rel= nofollow >Twitter for iPhone</a>, @David_Speers @DanielAndrewsMP,,Thu,Sep,04
Lmickdundee,"Sydney, NSW",1.3e+18,Thu Sep 10 02:10:34 +0000 2020,"30 mins answering stupid repetitive questions from  journalists  I ve had enough. How @DanielAndrewsMP doesn t loose his cool has me f*cked. I had to switch off before I threw something at the TV.
#IStandWithDanAndrews", #IStandWithDanAndrews,0,1.0,<a href= http://twitter.com/download/android  rel= nofollow >Twitter for Android</a>, @DanielAndrewsMP,,Thu,Sep,02
Mmidlifedoc,Sydney Australia,1.3e+18,Tue Sep 08 11:50:31 +0000 2020,"RT @talkingwalk: #IStandWithDanAndrews
The Prime Minister #Morrison  will never say it, so I will .....Good work Victoria you ve done a great job and so has @DanielAndrewsMP you ll be   be out as soon as its safe. 
Your fellow Australians ", #IStandWithDanAndrews #Morrison,143,0.0,<a href= http://twitter.com/download/android  rel= nofollow >Twitter for Android</a>, @talkingwalk,,Tue,Sep,11
Omondegreen,"Melbourne, Victoria",1.3e+18,Fri Sep 11 09:36:40 +0000 2020,@DanielAndrewsMP Thank you Dan. You have saved the lives of many. I follow lots of virologists and scientists around the world to get the facts on covid-19. You are doing the right thing. #IStandWithDanAndrews, #IStandWithDanAndrews,0,0.0,<a href= http://twitter.com/download/iphone  rel= nofollow >Twitter for iPhone</a>, @DanielAndrewsMP,,Fri,Sep,09
Inetz_melb,"Melbourne, Australia",1.3e+18,Tue Sep 08 12:05:35 +0000 2020,"@TerrySerio @abc730 @DanielAndrewsMP @mjrowland68 You want Daniel Andrews as PM?

So you want Australia s other 7 states/territories forced into hard lockdown with a nightly curfew and shops closed?

Because Victoria s lockdown criteria would apply nation", #springst #auspol #IStandWithDanAndrews #VictoriaLockdown,0,2.0,<a href= https://mobile.twitter.com  rel= nofollow >Twitter Web App</a>, @TerrySerio @abc730 @DanielAndrewsMP @mjrowland68,,Tue,Sep,12
Mnicoleconn,"Melbourne, Victoria",1.31e+18,Wed Sep 23 03:21:44 +0000 2020,"#PetaCredlin calling Victoria s support for @DanielAndrewsMP  Stockholm Syndrome  is a lesson in Gaslighting 101. Victoria is tired of Murdoch s slander &amp; rabid, toxic rhetoric. Stop perpetuating his divisive ideas and giving voice to his lies. #IStandWithDanAndrews", #PetaCredlin #IStandWithDanAndrews,0,2.0,<a href= https://mobile.twitter.com  rel= nofollow >Twitter Web App</a>, @DanielAndrewsMP,,Wed,Sep,03
Jnormb30,"Melbourne, Victoria",1.31e+18,Tue Sep 29 01:31:53 +0000 2020,"@PRGuy17 @LouiseStaley @rachelbaxendale @sumeyyailanbey @DanielAndrewsMP Let me guess... Louise is a Lib seeking relevance, right?  I am surprised @DanielAndrewsMP has maintained the level of tolerance he’s displayed while fielding stupid questions from ", #NewsCorpse #WhatstheissueRachel #IStandWithDanAndrews,4,33.0,<a href= http://twitter.com/download/iphone  rel= nofollow >Twitter for iPhone</a>, @PRGuy17 @LouiseStaley @rachelbaxendale @sumeyyailanbey @DanielAndrewsMP @DanielAndrewsMP,,Tue,Sep,01
Hokramesh,"Melbourne, Victoria",1.3e+18,Thu Sep 10 06:14:45 +0000 2020,@DanielAndrewsMP is the best. #IStandWithDanAndrews https://t.co/DEW0hjBe1O, #IStandWithDanAndrews,0,1.0,<a href= https://mobile.twitter.com  rel= nofollow >Twitter Web App</a>, @DanielAndrewsMP,,Thu,Sep,06
Hpalegita,"Melbourne, Australia. ",1.3e+18,Tue Sep 08 00:39:24 +0000 2020,@DanielAndrewsMP is a good leader that has been taking the advice of his experts unlike all of those that are using this pandemic for political opportunism. #IStandWithDanAndrews #VictoriaStrong https://t.co/Hh7cCvEGJk https://t.co/4n5zuLWRtO, #IStandWithDanAndrews #VictoriaStrong,3,1.0,<a href= https://mobile.twitter.com  rel= nofollow >Twitter Web App</a>, @DanielAndrewsMP,http://pbs.twimg.com/media/EhWl6jPVgAMElu1.jpg,Tue,Sep,00
Ipeck_thai,"Melbourne, Victoria",1.31e+18,Mon Sep 28 00:43:41 +0000 2020,@VicGovDHHS Thank you @DanielAndrewsMP especially for your hard work despite all the negative criticisms. #IStandWithDanAndrews, #IStandWithDanAndrews,0,3.0,<a href= https://mobile.twitter.com  rel= nofollow >Twitter Web App</a>, @VicGovDHHS @DanielAndrewsMP,,Mon,Sep,00
Hpete_b69,"Melbourne, Australia",1.3e+18,Thu Sep 10 03:54:26 +0000 2020,"@RitaPanahi Bang  From 700 positive COVID cases down to 51 under 6 weeks! And lockdowns don’t work just ask a newscorp journo! Specially if it involves a ALP leader, Thank you @DanielAndrewsMP for all the lives you’re saved &amp; keep myself &amp; my fam", #IStandWithDanAndrews,1,0.0,<a href= http://twitter.com/download/iphone  rel= nofollow >Twitter for iPhone</a>, @RitaPanahi @DanielAndrewsMP,http://pbs.twimg.com/media/EhhmWpqU4AIp7fh.jpg,Thu,Sep,03
Hpsygyver,Melbourne ,1.3e+18,Tue Sep 08 09:00:33 +0000 2020,@Ericairns @DanielAndrewsMP #IStandWithDanAndrews even when lockdown lasts another 2 years and until everything is destroyed. Such a great leader. Saving  lives . Hooraaay hoooraaay!, #IStandWithDanAndrews,0,2.0,<a href= http://twitter.com/download/android  rel= nofollow >Twitter for Android</a>, @Ericairns @DanielAndrewsMP,,Tue,Sep,09
Hresadude,Melbourne,1.31e+18,Fri Sep 25 09:37:45 +0000 2020,"RT @simmo_dwyer: @Melbourne_says I back @DanielAndrewsMP because he backs Victoria.

#IStandWithDanAndrews #BackDanAndrews", #IStandWithDanAndrews #BackDanAndrews,26,0.0,<a href= https://mobile.twitter.com  rel= nofollow >Twitter Web App</a>, @simmo_dwyer @Melbourne_says @DanielAndrewsMP,,Fri,Sep,09
Jrobbiepoet,"Melbourne, Australia",1.3e+18,Thu Sep 10 13:51:16 +0000 2020,RT @AstridRory: R U okay Mr @DanielAndrewsMP and your wife Catherine? #IStandWithDanAndrews &amp; #IStandWithCatherineAndrews  #RUOkayDay2020 https://t.co/zp8G3WFt8P, #IStandWithDanAndrews #IStandWithCatherineAndrews #RUOkayDay2020,7,0.0,<a href= http://twitter.com/download/android  rel= nofollow >Twitter for Android</a>, @AstridRory @DanielAndrewsMP,,Thu,Sep,13
Lsacdefroma,Melbourne Australia,1.3e+18,Tue Sep 08 11:45:04 +0000 2020,"RT @talkingwalk: #IStandWithDanAndrews
The Prime Minister #Morrison  will never say it, so I will .....Good work Victoria you ve done a great job and so has @DanielAndrewsMP you ll be   be out as soon as its safe. 
Your fellow Australians ", #IStandWithDanAndrews #Morrison,143,0.0,<a href= http://twitter.com/#!/download/ipad  rel= nofollow >Twitter for iPad</a>, @talkingwalk,,Tue,Sep,11
Kshakfromme,"Melbourne, Victoria",1.31e+18,Tue Sep 15 03:23:59 +0000 2020,"@JennyMikakos Thanks Jenny and your team for all the hard work and the majority of Victorians are with you, the Premier and the CHO, we stand together as Victorians @DanielAndrewsMP @VictorianCHO #IStandWithDanAndrews", #IStandWithDanAndrews,0,0.0,<a href= https://mobile.twitter.com  rel= nofollow >Twitter Web App</a>, @JennyMikakos @DanielAndrewsMP @VictorianCHO,,Tue,Sep,03
Nshanestewa,"Melbourne, Victoria",1.3e+18,Thu Sep 10 10:47:26 +0000 2020,@DanielAndrewsMP ... it’s @ruokday so very important question to you ... Are you okay ? #IStandWithDanAndrews #ourleader #RUOKDay, #IStandWithDanAndrews #ourleader #RUOKDay,0,0.0,<a href= http://twitter.com/download/iphone  rel= nofollow >Twitter for iPhone</a>, @DanielAndrewsMP @ruokday,,Thu,Sep,10
Osharon_phi,"Melbourne, Victoria, Australia",1.31e+18,Fri Oct 09 07:02:39 +0000 2020,"@DanielAndrewsMP Doing a difficult job, but #IStandWithDanAndrews stay strong ! https://t.co/SS8QB0Vz4X", #IStandWithDanAndrews,0,2.0,<a href= https://mobile.twitter.com  rel= nofollow >Twitter Web App</a>, @DanielAndrewsMP,,Fri,Oct,07
Ksimmo_dwye,"Collingwood, Melbourne",1.31e+18,Tue Sep 29 06:04:39 +0000 2020,RT @sofistic8ed: @simmo_dwyer @NotSoWiseOwl1 @DanielAndrewsMP Dan Andrews for PM. #IStandWithDan #IStandWithDanAndrews #auspol #Australia, #IStandWithDan #IStandWithDanAndrews #auspol #Australia,4,0.0,<a href= http://twitter.com/download/android  rel= nofollow >Twitter for Android</a>, @sofistic8ed @simmo_dwyer @NotSoWiseOwl1 @DanielAndrewsMP,,Tue,Sep,06
Islow_hula,"Melbourne, VIC",1.3e+18,Fri Sep 11 10:56:55 +0000 2020,"@WillaL22 @DanielAndrewsMP Hear, hear! 

Thanks Dan
#VictoriaStrong #IStandWithDanAndrews
#IStandwithCatherineAndrews 
#IStandwithVictoriaPolice
#IStandwithDan = #IStandWithVic", #VictoriaStrong #IStandWithDanAndrews #IStandwithCatherineAndrews #IStandwithVictoriaPolice #IStandwithDan #IStandWithVic,2,6.0,<a href= https://mobile.twitter.com  rel= nofollow >Twitter Web App</a>, @WillaL22 @DanielAndrewsMP,,Fri,Sep,10
Hsuzaru07,"Melbourne, Australia",1.3e+18,Thu Sep 10 23:44:55 +0000 2020,@katea76 @CathLAndrews @DanielAndrewsMP #IStandWithCatherineAndrews #IStandWithDanAndrews, #IStandWithCatherineAndrews #IStandWithDanAndrews,0,0.0,<a href= http://twitter.com/download/android  rel= nofollow >Twitter for Android</a>, @katea76 @CathLAndrews @DanielAndrewsMP,,Thu,Sep,23
Ktherich_ea,"Melbourne, Victoria",1.3e+18,Tue Sep 08 02:10:22 +0000 2020,RT @TerrySerio: @abc730 @DanielAndrewsMP @mjrowland68 Jesus. I wish he was our Prime Minister. #IStandWithDanAndrews, #IStandWithDanAndrews,55,0.0,<a href= http://twitter.com/download/android  rel= nofollow >Twitter for Android</a>, @TerrySerio @abc730 @DanielAndrewsMP @mjrowland68,,Tue,Sep,02
Hwazzzzaa,berwick melbourne australia,1.31e+18,Sun Sep 27 23:43:06 +0000 2020,Sending @DanielAndrewsMP a #highfive #IStandWithDanAndrews, #highfive #IStandWithDanAndrews,0,0.0,<a href= http://twitter.com/download/android  rel= nofollow >Twitter for Android</a>, @DanielAndrewsMP,,Sun,Sep,23
Fwegz83,Melbourne,1.3e+18,Sun Sep 13 01:17:45 +0000 2020,"@DanielAndrewsMP is ploughing through the roadmap for regional victoria. Where are the haters?
#IStandWithDanAndrews", #IStandWithDanAndrews,0,0.0,<a href= http://twitter.com/download/iphone  rel= nofollow >Twitter for iPhone</a>, @DanielAndrewsMP,,Sun,Sep,01
Nwendycolli,Melbourne ,1.31e+18,Sun Sep 27 15:58:58 +0000 2020,"@VanSenate @BevMcArthurMP @DanielAndrewsMP Their lives and health seem awfully irrelevant to to you though...... 

#IStandWithDanAndrews 
#LivesOverProfit", #IStandWithDanAndrews #LivesOverProfit,0,10.0,<a href= http://twitter.com/#!/download/ipad  rel= nofollow >Twitter for iPad</a>, @VanSenate @BevMcArthurMP @DanielAndrewsMP,,Sun,Sep,15
Nwendycolli,Melbourne ,1.31e+18,Sun Sep 27 03:20:46 +0000 2020,"@DanielAndrewsMP Thanks Daniel  great work everyone. 

#IStandWithDanAndrews https://t.co/LFJNDpBiI9", #IStandWithDanAndrews,13,65.0,<a href= http://twitter.com/download/iphone  rel= nofollow >Twitter for iPhone</a>, @DanielAndrewsMP,http://pbs.twimg.com/tweet_video_thumb/Ei5BrSAUYAEd56c.jpg,Sun,Sep,03
Jzeno_carlo,"Sydney,  AU",1.3e+18,Sun Sep 13 03:28:37 +0000 2020,"@9NewsMelb Excellent work,  @DanielAndrewsMP 

Keep it up. 

#IStandWithDanAndrews", #IStandWithDanAndrews,0,0.0,<a href= https://mobile.twitter.com  rel= nofollow >Twitter Web App</a>, @9NewsMelb @DanielAndrewsMP,,Sun,Sep,03
